"濑户内海",(
"二(两)重",(
"子",(
"瑄",(
"擅",(
"僵",(
"挂不上",(
"推得上",(
"轻","(重"
"泾",(
"圭",(
"睚",(
"崖",(
"堂皇",(
"堡",(
"悭",(
"室",(
"王",(
"往",(
"王欲玉女",(
"唫",(
"仅",(
"廑",(
"厘",(
"潼",(
"穜",(
"童",(
"址",(
"征",(
"礼",(
"组",(
"樝",(
"炉",(
"盟",(
"溢",(
"直堕其履圯",(
"叵",(
"柩",(
"钜",(
"拒",(
"彗",(
"慧",(
"惟",(
"篱",(
"傩",(
"齿",(
"嶞",(
"缶",(
"焰",(
"和谐","(多用于人名)"
"如何是了",(
"斗",(
"磬",(
"大夫没",(
"抢",(
"唁",(
"身",(
"蟾",(
"结跏趺坐",(
"沽贾",(
"枯",(
"牿",(
"浩",(
"窖",(
"昭",(
"容面谢",(
"营",(
"宫县","(xuán)"
"藉之以乐",(
"蜡",(
"音乐",(
"槽",(
"春秋",(
"簪",(
"楮",(
"渚",(
"着",(-zhe)
"媚",(
"湄",(
"循环论体","(法)"
"膰",(
"蕃厘",(
"藩",(
"蓄",(
"蛔",(
"穑",(
"梱",(
"面",(
"断而敢行",(
"所为",(
"将亿万斯年看不见战争",(
"胙",(
"榨",(
"词",(
"可恨他变节降",(
"障",(
"邪",(
"郁",(
"邹",(
"愕",(
"榔",(
"自障",(
"潭",(
"踔",(
"埤堄",(
"陴",(
"肸",(
"碎",(
"率",(
"摔子",(
"秤",(
"苹",(
"礼辨乐",(
"辨雨",(
"峄",(
"驿",(
"榉",(
"眸",(
"佯",(
"为人也，孝弟",(
),"(also sometimes written as 歹勢 in Mandarin)"
"鲜银",(
"朝鲜银行)",(
"洚",(
"锋",(
"其锋不可当",(
"縪",(
"肄",(
"弹",(
"诨",(
"棵",(
"耸",(
"介",(
"(向吴介)...",(
"挤",(
"羿",(
"碇",(
"劙",(
"靪",(
"贮",(
"冲出重",(
"行",(
"珩",(
"你们好乐",(
"何","(奚, 岂, 庸) 遽"
"阿",(
"攲",(
"羇",(
"游行行",(
"孥",(
"稃",(
"附",(
"拊",(
"桴",(
"一射枪中",(
"胡瞻尔庭有县",(
"这件事情寻着",(-
"僔",(
"老",(
"乎",(
"礃",(
"食",(
"扇扇",(
"搁",(
"关张",(
"诸侯闲",(
"肩重",(
"肤",(
"螖",(
"梢",(
"消",(
"女青年会",(
"埆",(
"角",(
"有所仰濡",(
"确",(
"荞",(
"太平时人民侗长",(
"谪",(
"调",(
"豫为",(
"垧",(
"蜗",(
"之子于归百两御",(
"扫",(
"旆",(
"汭",(
"肉","(⺼) ("
"吵",(
"彰",(
"参宿",(
"惨",(
"侈",(
"仞",(
"舫",(
"灼灼",(
"耘",(
"驺虞",(
"勾",(
"勿以恶",(
"埸",(
"蜴",(
"贵而不为",(
"拷问",(
"腾",(
"床笫之言不逾阈",(
"梯",(
"功",(
"锄",(
"雾晓","(朝"
"拇",(
"人给",(
"他长成",(
"坎",(
"嵚",(
"敧",(
"咳",(
"这小姐长得",(
"墺",(
"隩",(
"暌",(
"朕",(
"疒",(
"嗾",(
"蔟",(
"抉",(
"眱",(
"痍",(
"襥",(
"茂",(
"喋",(
"蘽",(
"荣乐",(
"立之于本朝",(
"来",(
"买来了",(
"凡刑人之本禁暴恶恶",(
"株屋",(
"恶",(
"輠",(
"禀",(
"凛",(
"檩",(
"溱",(
"嗛",(
"娠",(
"裳",(
"安徽电影制片厂",(
"懁",(
"磙路",(
"裉",(
"良",(
"把孩子送去学",(
"王徒好",(
"趁着没下雨打场",(
"这件衣裳得",(
"从车",(
"万民是若",(
"饭又不是调",(
"只",(
"凤","(鳯)"
"锭",(
"疐",(
"最",(
"爰",(
"假极大","(小)"
"假充内行",(
"我所长",(
"殁",(
"没了期",(
"说了没有",(
"锻",(
"毈",(
"投夜还",(
"骰",(
"我车",(
"土敝则草木不长",(
"艐",(
"緵",(
"腋",(
"校",(
"遑",(
"进车",(
"遣",(
"莫要着了",(
"遒",(
"他长得",(
"速",(
"逐见",(
"遂",(
"原来的面目还没还",(
"逊",(
"抵",(
"柢",(
"底春被",(
"不堪闻底",(
"珉",(
"杙",(
"伐木丁丁",(
"钢笔丢了，到处找不着",(
"裓",(
"铁",(
"我吃末哉",(
"太仆减谷食",(
"机",(
"几,",(
"札",(
"比屋可诛",(
"鈚",(
"晒",(
"把酒酾",(
"捩",(
"毙",(
"砣",(
"苑",(
"馔",(
"倦",(
"棬",(
"抱",(
"车",(
"悒",(
"扈从",(
"革命种子是绝不了",(
"七儿",(
"则子非食",(
"衪",(1)
"池",(
"得",(
"挠",(
"晃",(
"乾",(
"巽",(
"兜",(
"拿兜兜着",(
"麑",(
"女",(
"兖",(
"儭",(
"魄",(
"唬",(
"溉",(
"妉",(
"这","(那) 晚 \"
"冕",(
"巉",(
"荒服",(
"流",(
"亮",(
"甑子","(zèngzi) ：蒸米饭等的用具，略像木桶，有屉子而无底。冬瓜和甑子两者毫不相关，却硬放在一起比较，以夸张物件各有其特点和用途，不能相互代替。沙汀《在其香居茶馆里》：“‘冬瓜做不得甑子’?做得。蒸垮了呢?那是要垮呀。”"
"戹",(
"吃他一车",(
"这房檐被那堵墙吃住了",(
"不准还",(
"不要着",(
"垓",(
"我们的责任该有多重",(
"签",(
"异构体",(
"眼见为真",(
"轵",(
"渍",(
"马",(
"窦",(
"三岁贯女",(
"摈",(
"费",(
"赞",(
"页",(
"那个片子很有看头儿",(
"这篇文章还得",(
"预",(
"癫",(
"颂",(
"礼乐",(
"畿赤",(
"赫兹",(
"舔",(
"惟仁者能好",(
"急性子办不了",(
"他应着明日还",(
"淰",(
"态",(
"想必就是为",(
"众恶之",(
"纁",(
"脢",(
"谯",(
"煦",(
"爇",(
"宏",(
"廕",(
"昙摩)",(
"慅",(
"蛮",(
"喻",(
"巛",(
"重返人间",(
"捋虎须",(
"宋端宗赵昰的年号。",(1276-1278)
"在管水母目","(Siphonophora) 腔肠动物上端的关闭的漏斗形管"
"纟",(
"存在于距电磁辐射源","(例如发射天线) 一个波长范围内的电磁场"
"阿其所好",(
vasopentol,"(解痛药)"
tulobuterol,"(支气管扩张药)"
vovatine,"(镇静药)"
triaconazole,"(抗真菌药)"
trifluperidol,"(安定药)"
trichlormethiazide,"(利尿降压药)"
tribromomethane,"(镇静药,镇咳药)"
trimetazone,"(镇痛、抗炎药)"
trisoralen,"(治白癜风药)"
trixolane,"(血管扩张药,解痉药)"
spasmoril,"(解痉药), supanate"
unilax,"(泻药)"
looming,"(光通过低层大气时发生异常折射而引起的一种海市蜃楼)"
epiblast,"(两胚层胚盘的上层细胞)"
subcontrary,"(逻辑中的)"
non-participating,"(股票)"
concatemer,"(噬菌体)"
major,"(大学学科中的)"
vulcanol,"(硫化促进剂)"
ukambine,"(一种箭毒碱)"
alverine,"(抗胆碱药)"
trancalgyl,"(解热镇痛药)"
antode,"(升压药)"
acetohexamide,"(口服降血糖药)"
Activol,"(植物生长调节剂)"
dimethadione,"(抗癫痫药)"
synapleg,"(降压药)"
hyp,"(衰减单位,等于１／１０奈培)"
humanware,"(在控制系统中考虑人的技术因素等)"
lentor,"(运动粘度单位)"
overall-risen,"(船身)"
patching,"(软件)"
paripinnate,"(复叶)"
stray,"(油气钻探中)"
trigemin,"(镇静药)"
lace,"(例如卡片的一行或一列全穿孔)"
maison(n)ette,"(二层楼的)"
hexonmer,"(病毒)"
inconnector,"(流程图的)"
endobasion,"(枕骨大孔前缘中点)"
gelsolin,"(肌动蛋白)"
proof,"(酒类的)"
Lithoperl,"(一种粉刷溶液)"
cacimbo,"(非洲西南沿岸的一种浓雾)"
antireprise,"(抗百日咳药)"
boucherizing,"(木材防腐)"
kilorad,"(放射吸收剂量标准单位)"
monad,"(核分裂时)"
spartix,"(抗滴虫药)"
carpitron,"(由Ｍ型返波振荡管衍生的一种同步振荡器)"
takeup,"(电影胶片的)"
reel,"(机器内的)"
Arneb,"(天兔座α)"
centimorgan,"(基因交换单位), cM"
thiram,"(杀菌药)"
trocinate,"(抗胆碱药)"
Alicep,"(混合型除草剂)"
sprue-master,"(压铸机的)"
shoegear,"(机车)"
logotype,"(标本)"
backlash,"(锯木时)"
tunnel-back,"(房屋)"
tondal,"(力的单位)"
tetrad,"(二进制形式的十或十六进制)"
tyrzanol,"(血管收缩药)"
tetramerous,"(鞘翅目)"
luxon,"(视网膜照度单位)"
melon,"(海豚等鲸目动物头部的)"
stacker,"(文件的)"
epiboly,"(原肠胚形成)"
shell,"(隔电子用)"
multisequencing,"(用几个计算机同时执行一个程序的)"
trommcardin,"(抗心律失常药)"
telemp,"(棉毛混纺织物)"
geepound,"(英国重力单位制中的质量单位)"
auralgan,"(成药,止耳痛剂)"
gorgonion,"(古希腊)"
virgate,"(土地丈量单位)"
subcomponent,"(软件)"
subtree,"(软件)"
Angelrest,"(醋酯丝束)"
Ancon,"(短腿羊)"
anobial,"(消毒剂)"
completer,"(软件)"
Apieu,"(韩国的彩妆品牌)"
phasing,"(传真)"
unsecured,"(电话线路、无线电通讯等)"
conversational,"(信息加工方法用)"
address,"(电脑电话机)"
Nip,"(聚氯乙烯长丝)"
alcloxa,"(收敛剂)"
template,"(木质)"
badigeon,"(用于木石孔隙中)"
batarde,"(粗纺)"
baff,"(英国制)"
barad,"(压强单位)"
Blondel,"(光亮度单位)"
bril,"(主观亮度单位)"
Chippendale,"(英国１８世纪的)"
trimeprazine,"(止痒药)"
sweep-saw,"(锯弧线用), turning saw"
exacter,"(捐税等), exactor"
reocorin,"(冠脉扩张剂)"
trecento,"(第１４世纪)"
gouy,"(电学单位的名称)"
stratification,"(软件)"
solusulfone,"(抗麻风药), sulapsone"
lagan,"(船只遇险时系以浮标,标明物主)"
nibbling,"(轮胎)"
mortar,"(救生索等的)"
A-bracket,"(双推进器船的)"
pickup,"(电极的)"
therm,"(煤气热量单位)"
exeresis,"(尤指神经)"
holding,"(球类比赛)"
Amiphos,"(杀虫剂)"
effluvium,"(臭体、液体等)"
"repoussé","(金属的)"
snellen,"(眼睛视力的单位)"
trailing,"(星系旋臂)"
amazia,"(畸形)"
heliogram,"(日光反射信号器发送的)"
Asterope,"(金牛座２１)"
terminator,"(尤指卫星或行星的)"
is-symbol,"(ＡＬＧＯＬ-６８用)"
promaxwell,"(磁通量的一个厘米·克·秒制单位)"
praoersted,"(磁化力单位)"
pecky,"(木材被菌类侵蚀)"
cincture,"(柱头加轮形装饰)"
tree-walk,"(软件)"
perikaryon,"(神经细胞的)"
ribophorin,"(内质网)"
altar,"(干船坞的)"
oralloy,"(美国浓缩铀的代称)"
abeam,"(指与船的龙骨或飞机机身成直角的)"
puy,"(法国中央高原的)"
millihg,"(压强单位)"
peritreme,"(蜱)"
supidimide,"(抗精神病药)"
urbanyl,"(弱安定药)"
trilophosphamide,"(抗肿瘤药), trofosfamide"
tricyvagol,"(解痉药,抗胆碱药)"
somilan,"(镇静药)"
voegtlin,"(脑垂体分泌液的活性单位)"
sarpicillin,"(抗菌药)"
thalweg,"(国际法)"
truxal,"(安定药)"
monochord,"(音乐)"
hydron,"(一种酸度单位)"
solestril,"(强心药), tradenal"
vioform,"(抗阿米巴药)"
hydrolastic,"(汽车的)"
stovepipe,"(火炉用)"
scaring,"(木材防腐)"
clavus,"(鳞翅目雄外生殖器中的)"
fragmin,"(肌动蛋白)"
norbudrine,"(支气管扩张药)"
ring,"(无底匣钵)"
surfacaine,"(局麻药)"
alipur-O,"(芽前除草剂)"
ban-gull,"(苏格兰夏季海风)"
bulbogastrone,"(十二指肠)"
tile,"(贴墙或铺地用)"
gammil,"(微量化学浓度单位)"
azunol,"(治过敏性皮炎药)"
arsozon,"(治恶性贫血衰弱症药)"
moulder,"(复制用的)"
aspidosamine,"(催吐药)"
primavera,"(中美洲出产的一种树木或其木材)"
xylonest,"(局部麻醉药)"
lapse,"(大气温度气压等)"
silicol,"(治结核药剂)"
clamp,"(土窑)"
sucralfate,"(抗胃溃疡药)"
trilombrine,"(胆囊造影剂)"
kodel,"(聚酯纤维)"
cusec,"(水泵抽吸速度的一个单位)"
anguality,"(骨料的)"
metastasis,"(放射性衰变中的)"
stereoblock,"(高分子)"
isochela,"(甲壳虫)"
coprodaeum,"(鸟类与爬虫的)"
spermiation,"(精子从支持细胞释放的过程)"
jockey,"(英)"
somalin,"(强心甙)"
zorubicin,"(抗肿瘤药)"
verber,"(电荷单位)"
signophyl,"(利尿药)"
gryphen,"(装饰)"
enation,"(叶表面的)"
polysheath,"(噬菌体)"
sun,"(日本长度单位)"
symphocal,"(呼吸道消炎药) ，encelad; prilon; tussibron;"
amiton,"(杀螨剂)"
trichorad,"(抗滴虫药), tritheon"
waisting,"(初轧坯缺陷)"
omnigraph,"(发送电报电码的)"
auto-loader,"(封装盒式磁带卷的), autoloader"
sulnidazole,"(抗滴虫药)"
isolite,"(一种分层电木绝缘物)"
alcopar,"(驱虫药)"
sistral,"(中枢兴奋药)"
morel,"(尤指龙葵)"
aubergine,"(乌紫色)"
neuromere,"(为菱脑沟之间的神经组织), rhombomere"
Iris,"(小行星７号)"
apikuro,"(抗风湿、神经痛药)"
expressor,"(基因)"
incrustation,"(如镶大理石等)"
cased-wall,"(日本式)"
tentacle-ampullae,"(海参)"
who-are-you,"(数据通信中的传输控制字符), WRU"
SIL,"(用于声学中的一个任意的噪声标度)"
misfeed,"(信息等的)"
nox,"(照度单位)"
Novaceta,"(醋酯纤维)"
bailling,"(比重单位)"
puna,"(秘鲁安第斯山脉等地的)"
sabin,"(声吸收单位)"
Hoesch,"(体系建筑)"
digitule,"(介壳虫)"
stringhalt,"(马的)"
rerouting,"(信令网中)"
kink,"(薄板缺陷)"
teletherapy,"(放射)"
demal,"(浓度单位)"
mount,"(书画等的), mounting"
dead-beat,"(仪表的)"
TORAN,"(一种中程电子定位系统)"
adjacency,"(文字阅读中相邻字符的)"
collation,"(装订前的), gathering"
chebutan,"(抗炎药), kebuzone"
strategy,"(生物进化)"
chaff,"(干扰雷达用的)"
aurothioglycanide,"(治关节炎药)"
aurothioglucose,"(治关节炎药)"
Rhopalocera,"(蝶类)"
mounted,"(宝石等)"
stringing,"(家具的)"
trophicard,"(抗心律失常药)"
unacaine,"(局麻药)"
infibulation,"(以防止交合)"
Aeress,"(变性聚丙烯腈纤维)"
apiron,"(解热、镇痛药)"
Aqualon,"(羧甲基纤维素钠盐,高吸水性纤维)"
archine,"(俄尺＝０．７１米)"
Astralene,"(涤纶弹力丝)"
Acetofil,"(醋酯纤维原液着色用颜料)"
Ardil,"(一种再生人造纤维)"
Acetokhlorin,"(混纺纤维)"
Avron,"(中等强力粘胶短纤维)"
Acele,"(醋酯纤维)"
appella,"(苹果精粉)"
aprophen,"(甲基解痉素)"
swage,"(锻工用)"
supercargo,"(货主的)"
interrupter,"(引信保险装置)"
abacus,"(圆柱顶部的)"
platting,"(砖堆上的)"
refection,"(兔子等的)"
modification,"(遗传学)"
Myleran,"(抗肿瘤药,商标名)"
corona,"(如头顶、牙冠等)"
mandrel,"(涂有放射物质)"
Efferalgan,"(解热镇痛药)"
butibufen,"(消炎镇痛药)"
ethoxene,"(抗肿瘤药)"
droxaryl,"(解热消炎镇痛药)"
Pandel,"(肾上腺皮质激素类药)"
rodealin,"(强心药)"
triadimenol,"(杀菌剂)"
Vetame,"(抗精神病药)"
Metahydrin,"(利尿药)"
trichlormethine,"(抗肿瘤药), trimustine"
triflumidate,"(抗炎药)"
triclofylline,"(支气管扩张药)"
triclodazol,"(安定药)"
trinems,"(β-内酰胺类药)"
Trisoralen,"(着色药)"
"Tri-K(含醋酸钾、碳酸氢钾和枸橼酸钾)","(补钾药)"
proxibutene,"(镇痛药)"
uramide,"(抗痛风药)"
prajmaline,"(抗心律失常药)"
procodazole,"(抗肿瘤药)"
propionylmaridomycin,"(抗生素类药)"
Testex,"(雄激素类药)"
mitocromin,"(抗肿瘤抗生素)"
"Jupocin(含indomethacin)","(消炎镇痛药)"
"Login(含tinidazole)","(抗滴虫药)"
lerdelimumab,"(免疫调节药)"
etasuline,"(安定药)"
ethylperhexiline,"(冠脉扩张药)"
Mucosolvin,"(粘痰溶解药)"
acetylkitasamycin,"(抗生素类药)"
acetyl-L-carnitine,"(血管扩张药)"
"Stovarsol(含acetarsol)","(抗原虫药)"
acetamide,"(解毒药)"
acetylalbomycin,"(抗生素类药)"
Maxivate,"(局部用肾上腺皮质激素类药)"
diethylpropanediol,"(解痉药)"
dietifen,"(去毛药)"
disoxaril,"(抗病毒药)"
diflubenzuron,"(杀虫药)"
dihydroergocornine,"(抗偏头痛药)"
diclofensin,"(抗抑郁药)"
metformin,"(降血糖药)"
dimetagrel,"(抗血小板聚集药)"
dimethoxydiethylstilbene,"(雌激素类药)"
Ceplene,"(抗肿瘤药)"
betasine,"(甲状腺素类药)"
diphosphopyridine,"(戒酒药)"
didehydrodideoxythymidine,"(抗病毒药)"
difencloxazine,"(安定药)"
diphacinone-Na,"(抗凝药)"
interlocking,"(谱线)"
Macrotec,"(诊断用药)"
asiaticoside,"(创伤用药)"
DUROS-leuprolide,"(抗肿瘤药)"
UCG-Test,"(诊断用药)"
"Bioflor(含酵母)","(止泻药)"
tazofelone,"(消炎镇痛药)"
tazanolast,"(抗过敏药)"
tazarotene,"(角质层分离药)"
talaporfin,"(光增敏药)"
taltirelin,"(垂体激素释放兴奋药)"
talosalate,"(消炎镇痛药)"
tabimorelin,"(垂体激素释放兴奋药)"
tafenoquine,"(抗疟药)"
Barbased,"(镇静催眠药)"
ivabradine,"(减缓心率药)"
idramantone,"(免疫兴奋药)"
"Fematrix(含雌二醇)","(雌激素类药)"
iturelix,"(垂体激素释放抑制药)"
edrabarbital,"(解痉药)"
ibazocine,"(镇痛药)"
icumazole,"(抗真菌药)"
Igmesin,"(抗抑郁药)"
eremomycin,"(糖肽类抗生素)"
"Isovist(含iotrolan)","(造影剂)"
irofulven,"(抗肿瘤药)"
valnemulin,"(抗生素类药)"
"Protheo(无水茶碱控释片剂)","(支气管扩张药)"
"Rheumon(含etofenamate)","(消炎镇痛药)"
rentiapril,"(抗高血压药)"
zolmitriptan,"(5-羟色胺受体激动药)"
"Tigason(含etretinate)","(抗银屑病药)"
idanpramine,"(解痉药)"
etacepride,"(抗精神病药,镇吐药)"
eltamivir,"(抗病毒药)"
eptaplatin,"(抗肿瘤药)"
eplivanserin,"(抗抑郁药)"
epitumomab,"(免疫调节药)"
iosartan,"(血管紧张素受体Ⅱ阻滞拮抗药)"
etoloxamine,"(抗组胺药)"
etolorex,"(食欲抑制药)"
iscador,"(抗病毒药)"
eplerenone,"(抗高血压药,醛甾酮拮抗药,强心药)"
exatecan,"(抗肿瘤药)"
Efalith,"(抗脂溢性皮炎药)"
ezetimibe,"(降血脂药)"
"Etolac(依托度酸薄膜衣片)","(消炎镇痛药)"
eprinomectin,"(抗寄生虫药)"
isotiquimide,"(抗溃疡病药)"
emonapride,"(抗精神病药)"
Penetrex,"(喹诺酮类抗菌药)"
eldacimibe,"(抗动脉粥样硬化药)"
enadoline,"(镇痛药)"
Acthar,"(激素类药)"
"Proscar(含finasteride)","(前列腺增生用药)"
"Polygynax(含新霉素、多粘菌素和制霉菌素)","(抗生素类药)"
"Beclazone(含beclomethasone)","(肾上腺皮质激素类药)"
betasizofiran,"(导泻药)"
cissampeline,"(肌肉松弛药)"
"leucomax(含重组人粒细胞-巨噬细胞集落刺激因子)","(升白细胞药)"
"Cromogen(含色甘酸钠)","(抗过敏药)"
"Carbenin(含panipenem,betamipron)","(抗生素类药)"
clazolimine,"(利尿药)"
clinidipine,"(钙通道拮抗药)"
cloquinozine,"(催产药)"
clenoliximab,"(免疫调节药)"
cridanimod,"(免疫调节药)"
crobenetine,"(钠通道阴滞药)"
"Climen(含戊酸雌二醇和酯酸环丙孕酮)","(激素类药)"
Sandoglobulin,"(生物制品)"
perflenapent,"(超声造影剂)"
Septisol,"(消毒防腐药)"
"Lentaron(含formestane)","(抗肿瘤药)"
lanperisone,"(肌肉松弛药)"
"Synercid(含quinupristin,dalfopristin)","(抗菌药)"
coactivation,"(作用)"
neihumicin,"(抗生素类药)"
cordycepin,"(抗病毒药)"
NiaState,"(抗血友病药)"
"Etopophos(依托泊苷注射剂)","(抗肿瘤药)"
"Kytril(含granisetron)","(止吐药)"
licarbazepine,"(抗癫痫药)"
"Lijunpaishu(头孢哌酮钠和舒巴坦钠粉针剂)","(抗生素类药)"
Dentipatch,"(局麻药)"
rituximab,"(抗肿瘤药)"
lixivaptan,"(血管加压素V2受体拮抗剂)"
"Lipilfen(含fenofibrate)","(降血脂药)"
lirexapride,"(5-羟色胺受体激动药)"
Rifamate,"(抗结核药)"
benzoxazinorifamycin,"(抗结核药)"
rifalazil,"(抗结核药)"
Limethason,"(肾上腺皮质激素类药)"
Zepine,"(抗高血压药)"
lisuride,"(5-羟色胺拮抗药)"
Reserpoid,"(抗高血压药)"
linomide,"(免疫调节药)"
liatermin,"(生长因子类药)"
Zyloprim,"(抗痛风药)"
"Intralipos(含大豆油、蛋黄卵磷脂、甘油)","(营养类药)"
"Lipanthyl(含fenofibrate)","(降血脂药)"
"Nicorette(尼古丁离子交换树脂)","(戒烟药)"
galarubicin,"(抗肿瘤生素类药)"
gavestinel,"(NMDA拮抗剂)"
pimozide,"(抗精神病药)"
pinadoline,"(镇痛药)"
palmidrol,"(抗炎药)"
"Valeric(含allopurinol)","(抗痛风药)"
cartazolate,"(抗抑郁药)"
carzolamide,"(抗肿瘤药)"
capromorelin,"(生长激素释放刺激肽类药)"
capravirine,"(抗病毒药)"
Lodosyn,"(抗震颤麻痹药)"
cafaminol,"(血管收缩药,鼻炎用药)"
Uticillin,"(青霉素类抗生素)"
carulomycin,"(抗生素类药)"
rupatadine,"(抗凝药,抗组胺药)"
ruzadolane,"(镇痛药)"
rubitecan,"(抗肿瘤药)"
lusaperidone,"(抗抑郁药)"
"Rifater(含rifampicin、isoniazid、pyrazinamide)","(抗结核药)"
Pentina,"(抗高血压药)"
"Thymoglobuline(含兔抗人胸腺细胞免疫球蛋白)","(抗排斥反应药)"
deoxyharringtonine,"(抗肿瘤药)"
"β-2’-deoxythioguanosine","(抗肿瘤药)"
desmoteplase,"(纤维蛋白溶酶原激活药)"
isamoxole,"(平喘药)"
"Bicitra(含枸橼酸钠和枸橼酸)","(碱化剂)"
bifluranol,"(雌激素类药)"
"Bisalate(含水杨酸钠、水杨酰胺、对氨基苯甲酸钠等)","(抗风湿药)"
Amigesic,"(解热镇痛药)"
dinorgestrel,"(避孕药)"
Tofranil-PM,"(抗抑郁药)"
diaminocaine,"(局麻药)"
ferrotrenine,"(抗贫血药)"
bisbentiamine,"(维生素类药)"
Penera,"(抗生素类药)"
Catapres-TTS,"(抗高血压药)"
Coritab,"((含paracetamol,phenylpropanolamine HCI,chlorphenamine maleate)"
"Kexiu(含盐酸西布曲明)","(减肥药)"
dexproxibutene,"(镇痛药)"
dexefaroxan,"(α2受体阻滞药)"
dexecadotril,"(止泻药)"
dextilidine,"(镇痛药)"
detrothyronine,"(甲状腺激素类药)"
stirimazole,"(抗原虫药)"
ciheptolane,"(镇痛药)"
Span-60,"(药用辅料)"
geroquinol,"(放射性防护药)"
flavine,"(抗菌防腐药)"
Moraxan,"(镇痛药)"
molsidomine,"(抗心绞痛药,冠脉扩张药)"
eradacil,"(抗菌药)"
vadrine,"(抗麻风药, 抗结核药)"
perprazole,"(抗溃疡病药)"
picotamide,"(TXA2合成酶抑制药)"
"Angiovist282(碘28.2%)","(造影剂)"
dolonil,"(泌尿道消炎镇痛药)"
Entuss,"(镇咳药)"
indocaine,"(局麻药)"
indisetron,"(5-HT受体拮抗药)"
MacPac,"(尿路抗感染药)"
carbosulfan,"(杀虫药)"
xanthenol,"(抗胆碱药) ; xanthydrol"
Alert-Pep,"(中枢兴奋药)"
Tirend,"(中枢兴奋药)"
Wakespan,"(中枢兴奋药)"
imidurea,"(抗微生物药)"
halimide,"(消毒防腐药)"
pirsidomine,"(血管扩张药,抗心绞痛药)"
piprozolin,"(利胆药)"
pibrozelesin,"(抗肿瘤药)"
Concerta,"(精神兴奋药)"
picenadol,"(镇痛药)"
pipramadol,"(镇痛药)"
"Cycladol(含β-环糊精吡罗昔康)","(镇痛药)"
"Cefotax(含头孢噻肟钠)","(头孢菌素类抗生素)"
pendecamaine,"(表面离子活性药)"
quinezamide,"(抗溃疡病药)"
urotrate,"(抗菌药)"
thiocoraline,"(小单孢菌产生的抗生素)"
thiazanol,"(降血糖药)"
thioperamide,"(组胺H3受体拮抗药)"
tiopropamine,"(抗溃疡病药)"
tetraethylpapaverine,"(解痉药)"
temechin,"(神经节阻断药)"
diproxadol,"(镇痛药)"
dexclamol,"(镇静药)"
diosmin,"(毛细血管保护药)"
dibusadol,"(镇痛药)"
deximafen,"(抗抑郁药)"
depreotide,"(诊断用药)"
detralfate,"(抗溃疡病药)"
deltibant,"(缓激肽拮抗药)"
delfantrine,"(消炎镇痛药)"
dimecamine,"(神经节阻断药)"
dimepregnen,"(抗雌激素药)"
dimesone,"(消炎镇痛药)"
dimenoxadol,"(镇痛药)"
difenoximide,"(止泻药)"
Anthra-Derm,"(抗银屑病药)"
decimemide,"(抗癫痫药)"
denotivir,"(抗病毒药)"
dimadectin,"(抗寄生虫药)"
Lanoxicaps,"(强心药)"
cangrelor,"(抗凝血药)"
tanomastat,"(蛋白酶抑制药)"
tridiurecaine,"(局麻药)"
postlobin-o,"(子宫兴奋药)"
"Asmalon(含茶碱)","(平喘药)"
pegacaristim,"(免疫调节药)"
pegorgotein,"(自由基清除药)"
Oncaspar,"(抗肿瘤药)"
SMZ-SD-TMP,"(磺胺类抗菌药)"
"Refresh(1.4%聚乙烯醇、0.6%聚维酮和氯化钠溶液)","(人工泪液)"
"Tanafed(含鞣酸氯苯那敏和鞣酸伪麻黄碱)","(抗组胺药)"
Sulazo,"(含磺胺异恶唑和盐酸非那吡啶) (抗菌药)"
"Percodan(含oxycodone、aspirin)","(镇痛药)"
"Ephenyllin(含茶碱,麻黄碱,苯巴比妥)","(支气管扩张药)"
"Blinx(含氯化钠、氯化钾、磷酸钠等)","(眼科用药)"
Inotropin,"(升压药)"
Colax,"(缓泻药)"
Silace,"(缓泻药)"
dolastatin,"(抗肿瘤药)"
dotriacolide,"(β-内酰胺酶抑制剂)"
domitroban,"(抗血栓药)"
dactycyclin,"(抗生素类药)"
mesopelagic,"(200米到1000米水深的)"
Maltsupex,"(缓泻药)"
aspartocin,"(抗生素类药)"
fropenem,"(抗生素类药)"
Zinnat,"(头孢菌素类抗生素)"
cefluprenam,"(头孢菌素类抗生素)"
hedasporin,"(头孢菌素抗生素)"
Zefazone,"(头孢菌素类抗生素)"
"Skin-Cap(含吡啶硫锌,甲基乙基硫酸钠)","(外科用药)"
nepadutant,"(速激肽受体拮抗药)"
nelarabine,"(抗肿瘤药)"
nefazodone,"(抗抑郁药)"
nesiritide,"(血管扩张药,利尿药)"
nemadectin,"(抗寄生虫药)"
quilostigmine,"(胆碱酯酶抑制药)"
ozogamicin,"(免疫调节药)"
ocaperidone,"(抗精神病药)"
opanixil,"(降血脂药)"
"Opin(干扰素α-2a阴道栓)","(妇科用药)"
oberadilol,"(β受体阻滞药)"
olanexidine,"(抗菌药)"
oprelvekin,"(生血药,血小板生长因子)"
"Vansil(含oxamniquine)","(抗蠕虫药)"
"Ortho-Est(含estropipate)","(雌激素类药)"
Fluoresoft,"(诊断用药)"
ocinoxate,"(防晒药)"
onercept,"(免疫调节药)"
omapatrilat,"(抗高血压药)"
nuclotixene,"(安定药)"
"Helpin(含brivudine)","(抗病毒药)"
"Tuinal(含等量司可巴比妥钠和异戊巴比妥钠)","(镇静催眠药)"
"ViruMerz(曲金刚胺凝胶)","(抗病毒药)"
monteplase,"(血栓溶解药)"
amineptine,"(抗抑郁药)"
"Axetine(含cefuroxime)","(抗生素类药)"
"Act-Hib(b-型流感嗜血杆菌多糖与破伤风类毒素蛋白结合物)","(生物制品)"
ampakine,"(改善记忆药)"
anthracycline,"(抗生素类药)"
"Anexate(含flumazenil)","(解毒药)"
"Anzatax(含paclitaxel)","(抗肿瘤药)"
Antrin,"(光血管形成术药)"
ancitabine,"(抗肿瘤药)"
Zyban,"(戒烟药)"
Colocare,"(诊断用药)"
talsaclidine,"(拟胆碱药)"
parachlorometacresol,"(消毒防腐药)"
ProStep,"(戒烟药)"
neopine,"(镇咳药)"
niometacin,"(消炎镇痛药)"
Sular,"(钙通道阻滞药)"
"Nimotop(含nimodipine)","(脑血管扩张药)"
Fertinex,"(促排卵药)"
Ureaphil,"(利尿药)"
Bacturcult,"(诊断用药)"
"Trental(含pentoxifylline)","(血管扩张药)"
l-leucovorin,"(抗肿瘤药)"
"ι-cysteine","(氨基酸类药)"
levosemotiadil,"(抗心律失常药)"
LAAM,"(镇痛药)"
"Ergamisole(含levamisole)","(抗肿瘤药)"
Dopar,"(抗震颤麻痹药)"
"Levaquin(含levofloxacin)","(喹诺酮类抗菌药)"
levosalbutamol,"(平喘药)"
levomenol,"(抗炎药)"
basiliximab,"(免疫抑制药)"
"Batrafen(含ciclopirox)","(抗真菌药)"
"Avaxim(甲肝疫苗)","(生物制品)"
butazopyridine,"((尿路)抗菌药)"
blonanserin,"(抗抑郁药)"
butopamine,"(强心药)"
butynamine,"(抗高血压药)"
brinzolamide,"(抗青光眼药)"
brindoxime,"(抗疟药)"
paricalcitol,"(甲状旁腺功能亢进治疗药)"
"Inhibace(含cilazapril)","(抗高血压药)"
"Coltalin(含对乙酰氨基酚、咖啡因、氯苯那敏等)","(抗感冒药)"
domoxin,"(抗血栓药)"
"Colpotrofin(含promestriene)","(雌激素类药)"
"Contac(含盐酸苯丙醇胺和氯苯那敏)","(抗感冒药)"
"Humoxal(含羟甲唑啉)","(血管收缩药)"
iproplatin,"(抗肿瘤药)"
isoscopoletin,"(平喘药)"
androisoxazole,"(降低胆甾醇、甘油二酯)"
Nydrazid,"(抗结核药)"
fudosteine,"(祛痰药)"
"Fonzylane(含buflomedil)","(血管扩张药)"
"Fluvirin(流感病毒疫苗)","(生物制品)"
"Diprospan(含二丙酸倍他米松和倍他米松磷酸酯二钠)","(激素类药)"
"Creon(含胰酶、脂酶、淀粉酶和蛋白酶)","(酶类药)"
"Tegretol(含carbamazepine)","(抗癫痫药)"
"Derphyclear(含盐酸萘替芬)","(抗真菌药)"
Lipantil,"(降血脂药)"
"Vitaplasmal(含17种结晶左旋氨基酸、电解质和碳水化合物(山梨醇)","(肠道外营养药)"
"Procardia(含nifedipine)","(钙通道阻滞药)"
"Praxilene(含naftidrofuryl)","(血管扩张药)"
Aminess,"(营养类药)"
"Benzamycin(含红霉素和过氧苯甲酰)","(抗生素类药)"
"Saizen(含重组的生长激素)","(激素类药)"
"Sermion(含nicergoline)","(血管扩张药)"
emtricitabine,"(抗肿瘤药)"
"Ciplox(含环丙沙星乳酸盐)","(抗菌药)"
Cryptolin,"(促性激素释放药)"
valrubicin,"(抗肿瘤抗生素)"
Luxiq,"(肾上腺皮质激素类药)"
tolquinzole,"(抗高血压药,抗抑郁药)"
torsemide,"(利尿药)"
tobicillin,"(抗生素类药)"
radiotolpovidone,"(放射性药品)"
"Acerine(含nicergoline)","(血管扩张药)"
chimeric,"(murine variable,human constant) mab to CD20 (抗肿瘤药)"
lanepitant,"(神经激肽受体拮抗药)"
rasburicase,"(酶类药)"
lappaconitine,"(镇痛药)"
lamiban,"(糖蛋白Ⅱb/Ⅲa受体抑制药)"
lasofoxifene,"(雌激素调节剂)"
labradimil,"(缓激肽受体激动药)"
"Toposar(依托泊苷、苯甲醇和乙醇注射剂)","(有丝分裂抑制药)"
"Glucobay(含acarbose)","(抗糖尿病药)"
Ovugen,"(诊断用药)"
Clearplan,"(诊断用药)"
amylin,"(抗糖尿病药)"
"Sporidex(含头孢氨苄)","(抗生素类药)"
"Neovastat(鲨鱼软骨产品)","(抗肿瘤药)"
"WH-Etimycine(红霉素胶囊剂)","(抗生素类药)"
neoichthammol,"(皮肤科用药)"
Slow-Fe,"(硫酸亚铁控释片剂)"
"Cisplatin(含cisplatin)","(抗肿瘤药)"
"Mobilat(含肾上腺提取物、聚硫酸粘多糖和水杨酸)","(消炎镇痛药)"
Mobidin,"(抗关节炎药)"
"Zadaxin(含thymosinα1)","(免疫增强药)"
minretumomab,"(免疫调节药)"
"Infectoflam(含fluorometholone,gentamicin)","(眼科用药)"
staurosporin(e),"(癌基因抑活药)"
prinomastat,"(蛋白酶抑制药,抗肿瘤药)"
prodemicin,"(抗菌药)"
prazarelix,"(垂体激素释放抑制药)"
pranazepide,"(缩胆囊素受体阻滞药)"
pleconaril,"(抗病毒药)"
progabide,"(抗癫痫药)"
"Lorelco(含probucol)","(降血脂药)"
profadol,"(镇痛药,镇咳药)"
Condylox,"(角质层分离剂)"
"Profenid(含ketoprofen)","(消炎镇痛药)"
travoprost,"(前列腺素类药)"
trepipam,"(安定药)"
trecovirsen,"(抗病毒药)"
trequinsin,"(抗高血压药)"
Tri-Kort,"(局部用肾上腺皮质激素类药)"
Aristo-Pak,"(肾上腺皮质激素类药)"
treptilamine,"(解痉药)"
Rezulin,"(降血糖药)"
trifosmin,"(诊断用药)"
trimazinol,"(抗炎药)"
trazitiline,"(抗组胺药)"
"Colpotrophine(含promestriene)","(雌激素类药)"
"Teapol(含茶多酚)","(降血脂药)"
tiplimotide,"(免疫调节药)"
ticalopride,"(D2/5HT2A受体拮抗药)"
ticolubant,"(抗银屑病药)"
tezosentan,"(内皮素受体拮抗药)"
tizolemide,"(利尿药)"
tesimide,"(消炎药)"
tisoquone,"(降血脂药)"
timoxicillin,"(青霉素类抗生素)"
tinazoline,"(血管收缩药)"
Restoril,"(镇静催眠药)"
stibosamine,"(抗原虫(利什曼)药)"
"Foko(含paracetamol,pseudoephedrine,chlorphenamine)","(抗感冒药)"
duotal,"(祛痰药)"
duponol,"(去垢剂)"
lepirudin,"(抗血栓药)"
ledoxantrone,"(抗肿瘤药)"
leteprinim,"(益智药)"
laidlomycin,"(抗生素类药)"
leridistim,"(血细胞生长因子)"
lefetamine,"(麻醉药)"
lenapenem,"(抗生素类药)"
cytochalasin,"(免疫抵制药)"
linazolast,"(平喘药)"
Frutab,"(营养类药)"
Ta-Verm,"(抗蠕虫药)"
Sufenta,"(镇痛药)"
Urocit-K,"(尿路用药)"
Copperin,"(矿物质类药)"
Tritec,"(组胺H2受体阻滞药)"
bervastatin,"(降血脂药)"
Cosmoline,"(防锈剂,抗氧剂)"
Senokot,"(缓泻药)"
rizolipase,"(助消化酶)"
glaspimod,"(免疫调节药)"
glatiramer,"(多发性硬化治疗药)"
glutaurine,"(防辐射药)"
amoxydramine,"(催眠镇静药)"
Musterole,"(局部镇痛药)"
Plova,"(缓泻药)"
"Oesclim(含17β-雌二醇)","(雌激素类药)"
Albuconn,"(血容量补充药)"
bihonazol,"(抗真菌药)"
flumizole,"(抗炎药)"
fluoroacetanilide,"(杀虫药)"
Fluorinse,"(防龋齿药)"
fluradolline,"(镇痛药)"
Aerobid,"(肾上腺皮质激素类药)"
ftorpropazine,"(抗抑郁药)"
flupranone,"(抗高血压药)"
flutemazepam,"(安定药)"
flumexadol,"(镇痛药)"
fluciprazine,"(安定药)"
flunamine,"(抗震颤麻痹药)"
Dialume,"(抗酸药)"
Alu-Cap,"(抗酸药)"
Maagel,"(抗酸药)"
Esidrix,"(利尿药)"
halofuginone,"(抗球虫药)"
Suppress,"(镇咳药)"
danitracen,"(抗抑郁药)"
Melanex,"(皮肤脱色药)"
oxyridazine,"(抗精神失常药)"
oxonazine,"(抗高血压药)"
oxyphemedol,"(抗高血压药)"
pulmobeta,"(呼吸道消炎药)"
fampridine,"(钾通道阻滞药)"
amindocate,"(抗抑郁药)"
Teebacin,"(抗结核药)"
amefalone,"(抗心律失常药)"
amprenavir,"(抗病毒药)"
Ethyol,"(细胞保护药)"
sulfonaphtine,"(止血药)"
azepexole,"(镇咳药)"
azaquinzole,"(中枢神经抑制药)"
beclotiamine,"(维生素类药)"
cloximate,"(抗炎镇痛药)"
Myotonachol,"(拟胆碱药)"
K-Lease,"(补钾药)"
"Lotemax(含loteprednol)","(眼科用药)"
clantifen,"(解热消炎镇痛药)"
Acranil,"(抗原虫药)"
"Yomesan(含niclosamide)","(驱虫药)"
Bromi-Lotion,"(止汗药)"
chlorophenylmercury,"(消毒防腐药)"
cloracetadol,"(镇痛药)"
clocinizine,"(抗组胺药)"
Provocholine,"(诊断用药)"
ciapilome,"(抗痛风药)"
BCA,"(外用止血药)"
Nascobal,"(维生素类药)"
Antilirium,"(解毒药)"
Aquavite,"(维生素类药)"
"Hydromox(含quinethazone)","(利尿药)"
sarakalim,"(钾通道激活药)"
saprisartan,"(血管紧张素Ⅱ受体阻滞药)"
sargramostim,"(粒-巨噬细胞集落刺激药)"
sarizotan,"(抗精神病药)"
samixogrel,"(抗凝药)"
premafloxacin,"(喹诺酮类抗菌药)"
"Thiola(含tiopronin)","(抗肾结石药)"
posaconazole,"(抗真菌药)"
farglitazar,"(抗糖尿病药)"
Reno-M,"(造影剂)"
telithromycin,"(抗生素类药)"
"Taxim(头孢噻肟钠制剂)","(抗生素类药)"
"Tetracoq(含纯化白喉类毒素,破伤风类毒素等)","(生物制品)"
Pediapred,"(肾上腺皮质激素类药)"
AK-Pred,"(肾上腺皮质激素类药)"
"Zerit(含stavudine)","(抗病毒药)"
"Gemcor(含gemfibrozil)","(降胆固醇药)"
Myotoxin,"(强心药)"
lopinavir,"(抗病毒药)"
"Vasobral(含dihydroergocryptine、caffeine)","(脑血管扩张药)"
lotrafiban,"(纤维蛋白原受体阻滞药)"
loxoprofen,"(消炎镇痛药)"
lorcinadol,"(镇痛药)"
"Lobac(含salicylamide,phenyltoloxamine,paracetamol)","(解热镇痛药)"
"Geneleukim(含重组人粒细胞集落刺激因子)","(升白细胞药)"
Cidex,"(消毒防腐药)"
"CharcoAid(含活性炭和三梨醇)","(解毒药)"
Actidose-Aqua,"(解毒药)"
Insta-Char,"(解毒药)"
Parepectolin,"(止泻药)"
Prometol,"(营养类药)"
hetaflur,"(防龋齿药)"
"Hypadil(含nipradilol)","(抗青光眼药)"
"Haemaccel(尿素桥交联的降解聚明胶肽)","(血浆代用品)"
"Surgestone(含promegestone)","(雌激素类药)"
racecadotril,"(止泻药)"
Duplinal,"(肾结石用药)"
Nutropin,"(激素类药)"
Biocult-GC,"(诊断用品)"
bromadoline,"(镇痛药)"
"broxaterol，","(β2受体激动药)"
brofoxine,"(催眠镇静药)"
bromacrylide,"(抗肿瘤药)"
bromamide,"(镇痛镇静药)"
panticainide,"(抗心律失常药)"
Kayahop,"(e) (杀螨剂)"
"Ovrette(含norgestrel)","(口服避孕药)"
Psorinail,"(抗银屑病药)"
"Nursoy(含蛋白质、乳糖、脂肪、多种维生素和矿物质)","(营养类药)"
"Albothyl(含policresulen)","(妇科和外科用药)"
"Isomil(含蛋白质、碳水化合物、脂肪和维生素、矿物质)","(营养类药)"
"Estragest(含雌二醇,炔诺酮醋酸酯)","(激素类药)"
Egmol,"(泻药)"
"Alvenor(含diosmin,hesperidin)","(痔疮治疗药)"
taurosteine,"(粘液溶解药)"
taurolidine,"(抗感染药)"
tauromustine,"(抗肿瘤药)"
terbuprol,"(利胆药)"
terbuficin,"(降血脂药)"
"Trasylol(含aprotinin)","(止血药)"
terestigmine,"(抗胆碱酯酶药)"
teriflunomide,"(抗风湿药)"
diopterin,"(抗肿瘤药)"
rismorelin,"(垂体激素释放兴奋药)"
"Materna(含13种维生素、8种矿物质)","(营养类药)"
ciproxafin,"(组胺H3受体拮抗药,阿尔茨海默病治疗药)"
ciprafamide,"(抗心律失常药)"
nortesterionate,"(同化激素类药)"
Testoject,"(雄激素类药)"
cicliomenol,"(消毒防腐药)"
cycliton,"(回苏药)"
ciprefadol,"(镇痛药)"
mazapertine,"(抗精神病药)"
sulfasuccinamide,"(磺胺类抗菌药)"
"Relafen(含nabumetone)","(消炎镇痛药)"
retelliptine,"(抗肿瘤药)"
reboxetine,"(抗抑郁药)"
glycylcycline,"(抗生素类药)"
Ophthalgan,"(眼科用药)"
Lantus,"(降血糖药)"
policosanol,"(降血脂药)"
semparatide,"(激素类药)"
mepiroxol,"(降血糖药)"
mucothiol,"(粘液溶解药)"
methylproscillaridine,"(强心药)"
Cologel,"(缓泻药)"
melevodopa,"(多巴胺受体激动药)"
"Solu-Medrol(含甲泼尼龙琥珀酸钠和苯甲醇)","(肾上腺皮质类药)"
meletimide,"(抗胆碱药)"
coralyne,"(抗肿瘤药)"
Staphcillin,"(青霉素类抗生素)"
mececlazone,"(抗炎药)"
Virilon,"(雄激素类药)"
Protostat,"(抗感染药)"
adinazolam,"(抗抑郁药)"
mebenoside,"(消炎药)"
"Zaroxolyn(含metolazone)","(利尿药)"
isomerol,"(消毒防腐药)"
Demser,"(含左旋α-甲基酪氨酸) (抗高血压药)"
sennoside,"(缓泻药)"
Neo-Durabolic,"(同化激素类药)"
Multikine,"(抗肿瘤药)"
Ka-Pek,"(止泻药)"
"Bromussyl(盐酸氨溴素缓释剂)","(祛痰药)"
Recover,"(皮肤科用药)"
"Cinvoril(含依那普利)","(抗高血压药)"
"Ismo(含单硝酸异山梨酯)","(抗心绞痛药)"
"Epiao(含重组人红细胞生产素)","(抗贫血药)"
"Etaxene(含somatostatin)","(上消化道出血治疗药)"
Valtrex,"(抗病毒药)"
zankiren,"(抗高血压药,肾素抑制药)"
Duraclon,"(镇痛药)"
dexsotalol,"(抗心律失常药)"
tamsulosin,"(α1受体阻滞药,抗良性前列腺增生药)"
donepezil,"(益智药)"
opipramol,"(抗忧郁药)"
Tenuate,"(食欲抑制药)"
Phenoject,"(抗组胺药)"
Ipran,"(β受体阻断药)"
trimoxamine,"(降压药)"
Akarpine,"(缩瞳药)"
Permitil,"(抗精神病药)"
Durapam,"(镇静催眠药)"
chlorcyclizine,"(抗组胺药)"
Thia,"(维生素类药)"
Vazosan,"(外周血管扩张药)"
kavrin,"(血管扩张药)"
Vergon,"(抗组胺药)"
Yocon,"(阳痿治疗药)"
Tenex,"(抗高血压药)"
imafen,"(抗抑郁药)"
mofegiline,"(抗震颤麻痹药)"
cevimeline,"(M1受体激动药)"
Chlorohist-LA,"(减充血药)"
atiprimod,"(免疫调节药)"
Enovil,"(抗抑郁药)"
azimilide,"(抗心律失常药)"
"Cetamide(10%磺胺醋酰钠眼液)","(磺胺类抗菌药)"
Trandrexen,"(雄激素类药)"
Selenicel,"(营养类药)"
k-selenocarrageenan,"(免疫增强药)"
nitroflurbiprofen,"(抗炎药)"
Sorbangil,"(抗心绞痛药)"
Pilagan,"(抗青光眼药)"
tiazuril,"(抗球虫药)"
thibenzazoline,"(抗甲状腺药)"
Ferolix,"(抗贫血药)"
Prometa,"(支气管扩张药)"
Humatin,"(抗生素类药)"
Lobidram,"(戒烟药)"
Brethaire,"(支气管扩张药)"
polidexide,"(调血脂药)"
indinavir,"(抗病毒药)"
Levbid,"(抗胆碱药)"
Orazinc,"(补锌药)"
Sal-Tropine,"(抗胆碱药)"
tositumomab-,"(放射性药品,抗肿瘤药)"
Albumotope,"(诊断用药)"
iodoformin,"(消毒防腐药)"
iodophor,"(消毒防腐药)"
Iodopen,"(补碘药)"
iotroxate,"(诊断用药)"
Lithotabs,"(抗燥狂药)"
Viramisol,"(静脉曲张并发症治疗药)"
sulocarbilate,"(碳酸酐酶抑制药)"
sulfachlorpyridazine,"(磺胺类抗菌药)"
sulfamoprine,"(磺胺类抗菌药)"
"Nitrong(含硝酸甘油)","(抗心绞痛药)"
"Ferroids(硫酸亚铁和多种维生素控释片)","(抗贫血药)"
forasartan,"(血管紧张素Ⅱ受体阻滞药)"
"Fugerel(含flutamide)","(抗肿瘤药)"
gelomyrtol,"(祛痰药)"
mivotilate,"(保肝药)"
mikamycin,"(抗生素类药)"
mitocarcin,"(抗生素类药)"
milameline,"(益智药,M1受体激动药)"
milfasartan,"(血管紧张素Ⅱ受体拮抗药)"
minopafant,"(血小板激活因子拮抗药)"
midafotel,"(NMDA受体拮抗药)"
Quik-Cult,"(诊断用药)"
zofenoprilat,"(抗高血压药)"
erysimin,"(强心药)"
Akne-Mycin,"(抗痤疮药)"
Corgard,"(β受体阻滞药)"
"Nupercainal(含cinchocaine)","(局麻药)"
Histagolin,"(免疫治疗药)"
asarone,"(抗癫痫药)"
veradoline,"(镇痛药)"
vernolepin,"(抗肿瘤药)"
virulizin,"(免疫调节药)"
valganciclovir,"(抗病毒药)"
Pavagen,"(周围血管扩张药)"
robalzotan,"(5-HT受体激动药)"
rofleponide,"(肾上腺皮质激素类药)"
"Rocaltrol(含calcitriol)","(钙代谢调节药)"
romifenone,"(消毒防腐药)"
"Romycin(罗红霉素片剂)","(抗生素类药)"
rofecoxib,"(抗关节炎药,COX-2抑制药)"
metazosin,"(抗高血压药)"
"Mycospor(含bifonazole)","(抗真菌药)"
metreleptin,"(降血脂药)"
meterelin,"(促黄体激素释放激素)"
metesind,"(抗肿瘤药)"
metaclazepam,"(安定药)"
"Asacol(含mesalazine)","(抗炎药)"
Merrem,"(抗生素类药)"
Mexaform,"(调整胃肠功能药)"
"Mesulid(含微粉化尼美舒利)","(消炎镇痛药)"
mespiperone,"(诊断用药)"
metacetamol,"(解热镇痛药)"
medamine,"(驱虫药)"
mezilamine,"(镇吐药)"
oxazorone,"(利胆药)"
oxolin,"(抗病毒药)"
calcobutrol,"(药用辅料)"
contignasterol,"(平喘药)"
"Cholestagel(不吸收的多聚体化合物)","(降血脂药)"
"Coldstop(含盐酸曲普利啶、伪麻黄碱、对乙酰氨基酚等)","(抗感冒药)"
"Anticol(含磷酸可待因、盐酸麻黄素、氯化铵和氯苯那敏)","(止咳药)"
polymetaphosphate,"(放射性药品)"
Mitrolan,"(缓泻药)"
poligeenan,"(药用辅料)"
Brij96,"(表面活性剂)"
Brij56,"(表面活性剂)"
Acu-Dyne,"(消毒防腐药)"
Nervogastrol,"(抗酸药)"
"Magsil(含氢氧化铝、氢氧化镁、二甲硅油)","(抗溃疡病药)"
PenFill,"(降血糖药)"
Transfersulin,"(降血糖药)"
Maprofix,"(Gardinol型去垢剂)"
Fattibase,"(药用辅料)"
deoxynojirimycin,"(抗病毒药)"
desoxyestrone,"(调血脂药)"
"Alcare(62%乙醇溶液)","(抗菌防)"
neplanocin,"(抗病毒药)"
fosveset,"(药用辅料)"
Artazyme,"(酶类药)"
susalimod,"(免疫调节药)"
sulodexide,"(抗血栓药)"
sunagrel,"(抗凝药)"
cromofiban,"(GPⅡb/Ⅲa受体拮抗剂)"
icotidine,"(组胺受体拮抗药)"
avermectin,"(抗寄生虫药)"
ebalzotan,"(5-羟色胺受体激动药)"
etoricoxib,"(COX-2抑制药,抗关节炎药)"
Exelon,"(阿尔茨海默病治疗药)"
examorelin,"(垂体激素释放兴奋药)"
"Actilyse(含重组组织型纤溶酶原激活剂)","(抗血栓药)"
fenspiride,"(支气管扩张药)"
fenperate,"(抗高血压药)"
fenleuton,"(白三烯合成抑制药)"
finrozole,"(抗肿瘤药)"
fencamfamin,"(精神振奋药)"
Permapen,"(青霉素类抗生素)"
benrixate,"(抗心律失常药)"
threostat,"(解痉药)"
nofetumomab,"(抗肿瘤药)"
spasmamide,"(解痉药)"
cetamiphen,"(降胆固醇药)"
Lotion-Jel,"(局麻药)"
felipyrine,"(消炎药)"
dazadrol,"(抗抑郁药)"
Kotabarb,"(镇静催眠药)"
Drapolene,"(消毒防腐药)"
belarizine,"(血管扩张药)"
Milontin,"(抗癫痫药)"
impacarzine,"(抗病毒药)"
theohydramine,"(抗晕动病药)"
Bronkodyl,"(支气管扩张药)"
A-Van,"(抗晕动病药)"
menfegol,"(杀精子药)"
Ful-Glo,"(诊断用药)"
"Mobic(含meloxicam)","(消炎镇痛药)"
moxadolen,"(镇痛药)"
morolimumab,"(免疫调节药)"
monoxerutin,"(抗高血压药)"
Bromenzyme,"(助消化药)"
Nafcil,"(青霉素类抗生素)"
naftoxate,"(抗真菌药)"
Naprelan,"(镇痛药)"
naphthocaine,"(局麻药)"
Rauval,"(抗高血压药)"
"Soma(含carisoprodol)","(肌肉松弛药)"
saramycetin,"(抗真菌药)"
glufosfamide,"(抗肿瘤药)"
Polycose,"(营养类药)"
Ferrlecit,"(抗贫血药)"
haemocoagulase,"(止血药)"
ruscogenine,"(毛细血管保护药)"
spiradoline,"(镇痛药)"
spiroplatin,"(抗肿瘤药)"
Hemolink,"(血代用品)"
fibrinolysin,"(纤维蛋白溶解药)"
epiphenethicillin,"(青霉素类抗生素)"
"Celebrex(celecoxib制剂)","(抗关节炎药)"
cilengitide,"(血管生成抑制药)"
sitaxentan,"(内皮素受体拮抗药)"
cedelizumab,"(免疫抑制药)"
Cefasabal,"(前列腺增生治(含钜叶棕果、一枝黄花和七叶树种子的提取物)"
cidofovir,"(抗病毒药)"
cetuximab,"(免疫调节药)"
sitofibrate,"(降血脂药)"
sibrafiban,"(血小板糖蛋白Ⅱb／Ⅲa拮抗药)"
"Histac(含雷尼替丁)","(抗溃疡病药)"
"Sigletin(含aminochlorthenoxycycline)","(抗生素类药)"
"Ceepryn(西吡氯铵,氯化十六烷基吡啶)","(消毒防腐药)"
Hapamune,"(免疫调节药)"
sinitrodil,"(血管扩张药)"
Cefol,"(维生素类药)"
sibrotuzumab,"(免疫调节药)"
cilmostim,"(巨噬细胞集落刺激因子)"
cemadotin,"(抗肿瘤药)"
squalamine,"(抗肿瘤药)"
norelstromin,"(避孕药)"
ranpirnase,"(酶类药)"
betaquil,"(解痉药)"
"becaplermin(血小板生长因子)","(生长因子类药)"
bexarotene,"(抗肿瘤药)"
benanomicin,"(抗真菌药)"
"HAES-steril(羟乙基淀粉注射剂)","(血浆代用品)"
"Havrix(灭活甲型肝类病毒注射剂)","(生物制品)"
Humalog,"(降血糖药)"
"Syllamalt(含麦牙粥浸膏和车前子壳粉)","(缓泻药)"
Cillium,"(缓泻药)"
"Flixodisk(含丙酸氟替卡松)","(平喘药)"
capsaicin,"(局部镇痛药)"
"Dilatrend(含carvedilol)","(抗心衰药)"
daniplestim,"(生血药)"
dalcotidine,"(H2受体阻滞药)"
Differin,"(抗痤疮药)"
Pertscan-99m,"(诊断用药)"
Decholin,"(利胆药)"
"Xalatan(含latanoprost)","(眼科用药)"
"Aethroma(含vincamine)","(血管扩张药)"
"Difrarel(含欧洲越橘果提取物,β-胡萝卜素)","(糖尿病视网膜病治疗药)"
"Dolobene(含右泛醇,二甲亚砜,肝素)","(消炎镇痛药)"
"Natacyn(含natamycin)","(抗真菌药)"
nadroparin,"(低分子量肝素)"
narasin,"(抗生素类药)"
nateglinide,"(降血糖药)"
Gynergen,"(血管收缩药)"
"Vasomax(含phentolamine)","(抗阳痿药)"
ftaxilide,"(抗溃疡病药,抗炎药)"
phthalylsulfamethoxpyridazine,"(磺胺类抗菌药)"
acoxatrine,"(血管扩张药)"
acetorphan,"(脑啡肽酶抑制药)"
"Tao(含troleandomycin)","(抗生素类药)"
Borofair,"(耳科用药)"
Symlin,"(抗糖尿病药)"
Anucort-HC,"(肛门直肠用药)"
Depoject,"(肾上腺皮质激素类药)"
Hydrosal,"(收敛药)"
Healthbreak,"(戒烟药)"
acetergamine,"(催产药)"
Gonal-F,"(激素类药)"
Insuman,"(降血糖药)"
rh-erythropoietin,"(贫血治疗药)"
rh-insulin,"(降血糖药)"
Puregon,"(不孕症治疗药)"
gadoteridol,"(诊断用药)"
Biocal,"(补钙药)"
"Caltrate(含碳酸钙)","(补钙药)"
Molypen,"(微量元素类药)"
chromatedsolution,"(放射性药品)"
Chroma-Pak,"(补铬药)"
"Zanosar(含streptozocin)","(抗肿瘤药)"
technetiumetifenin,"(放射性诊断用药)"
technetiumpintumomab,"(诊断用药)"
Leukoscan,"(放射性药品)"
"Cecon(维生素C制剂)","(维生素类药)"
stannsoporfin,"(胆红素抑制药)"
Manga-Pak,"(补锰药)"
Ultratard,"(降血糖药)"
vinmegallate,"(抗肿瘤药)"
alemtuzumab,"(免疫调节药)"
avorelin,"(垂体激素释放兴奋药)"
alvameline,"(拟胆碱药)"
arzoxifene,"(抗雌激素药,抗肿瘤药)"
alantolactone,"(驱肠虫药)"
alemcinal,"(麻醉药)"
aliskiren,"(肾素抑制药)"
alimadol,"(镇痛药)"
Precose,"(降血糖药)"
Genprin,"(解热镇痛药)"
Asupirin,"(解热镇痛药)"
ataquimast,"(抗过敏药)"
adekalant,"(钾离子阻滞药)"
alpertine,"(安定药)"
adrogolide,"(多巴胺受体激动药)"
apaxifylline,"(腺苷受体A1拮抗药)"
adefovir,"(抗病毒药)"
azalanstat,"(降血脂药)"
azatepa,"(抗肿瘤药)"
asterriquinone,"(抗肿瘤药)"
"Asmeton(含甲氧那明、那可丁、氨茶碱和氯苯那敏)","(镇咳平喘药)"
aptamer,"(凝血酶抑制药)"
atreleuton,"(平喘药)"
atibeprone,"(抗抑郁药)"
Uprima,"(抗阳痿药)"
amicycline,"(抗生素类药)"
Cytosar-U,"(抗肿瘤药)"
asomycin,"(抗炎药)"
aplonidine,"(抗青光眼药)"
arofylline,"(平喘药)"
aviptadil,"(血管舒张药)"
almokalant,"(钾通道拮抗药)"
amoproxan,"(冠脉扩张药)"
Utimox,"(青霉素类抗生素)"
Amuxil,"(青霉素类抗生素)"
arcitumomab,"(诊断用药)"
topicaine,"(局麻药)"
androstenopyrazole,"(同化激素类药)"
Estracomb,"(雌激素类药)"
ravuconazole,"(抗真菌药)"
raluridine,"(抗病毒药)"
radolmidine,"(α2受体激动药)"
"Razepam(含temazepam)","(镇静催眠药)"
"Rhinocort(含budesonide)","(抗过敏药)"
Felbatol,"(抗癫痫药)"
figopitant,"(神经激肽受体拮抗药)"
filaminast,"(平喘药)"
filenadol,"(镇痛药)"
feroxirene,"(磁共振成像造影剂)"
Clysodrast,"(缓泻药)"
Timoptic-XE,"(抗青光眼药)"
Chlorate,"(抗组胺药)"
rosiglitazone,"(降血糖药)"
kyotorphin,"(镇痛药)"
Podocon,"(角质层分离剂)"
ulinastatin,"(蛋白酶抑制药)"
"Macmiror(含nifuratel)","(妇科用药)"
myfadol,"(镇痛药)"
"Medoflucon(含fluconazole)","(抗真菌药)"
Femotrone,"(孕激素类药)"
daidzein,"(抗高血压药)"
Ziracin,"(抗感染药)"
"Cytiton(含金雀花碱)","(中枢兴奋药)"
zilozepine,"(抗精神病药)"
ziconotide,"(钙通道阻滞药)"
"破坏荷重",(
"栝",(
"萍",(
"襟",(
"滻",(
"合",(
"露",(
"罒",(
"户",(
Iliopsoas,"(inner hip muscles). This word became popular on the internet after Xie Yalong, Deputy Chairman of the China Football (Soccer) Association sternly reprimanded the Chinese women’s team for its loss at the Olympics. He said that the women on the team especially needed to build their iliopsoas muscles. While netizens found this exchange amusing (none of the women on the team likely knew which muscle he was talking about) they also found it insulting. That is because the Football Association has been blamed for China’s lackluster performance in men’s soccer; however, the woman’s soccer team has had much better performances. Netizens found it hypocritical that the Football Association could criticize the relatively successful women’s team for such an odd shortcoming when the Football Association itself was guilty of many greater failings. Netizens reference this obscure muscle group to refer to instances in which someone with major faults strains to find fault with others.2008年8月17日8时30分，中国女足在香河基地进行了奥运会的赛后总结。队员们都按要求进行了书面总结报告，部分队员难忍出局的命运当场痛哭，场面甚为感人。但就在这种气氛中，最后一个发言的中国足协副主席谢亚龙却打破这种局面，指责中国女足简直就是“无斗志无能力”的反面典型队伍。越说越气的谢亚龙提出了一个专业名词—“叉腰肌”，他指出，中国女足身体肌群中最需要训练的是“叉腰肌”，但姑娘们并不知道他所说的这个肌肉部位在哪里。随后“叉腰肌”在网络上如雨后春笋般流行起来。"
"坐臧","(赃"
"少好",(
"清还",(
"翰詹",(
"阵",(
"旧中国工厂里工头的别称。",(
"（歇后语）挨刀的货","(比喻某人是受惩罚的对象)"
hexose,"(CH2O)6, monosaccharide with six carbon atoms, such as glucose 葡萄糖\"
pewter,"(alloy of tin 锡, lead 铅 and other metals)"
"Pond’s","(brand of skin care products), also written 旁氏"
"桑托斯将军城","(General Santons) 自称是菲律宾的“金枪鱼首都 “。"
"者",(
"VISA（维萨），MasterCard","(万事达）等国际银行卡组织合作，推出了具有人民币和美元结算功能的银行卡"
"人名。","(西元？∼485) 字彦伦。南朝齐汝南安城人。泛涉百家，尤长佛理，著有三宗论。"
"武术之道",(\
"zuǎnr","(变)zuǎr"
"具有让收视者能参与或操控播映内容功能的电视机。此种电视结合电脑网路或有线电视网路，可提供各种服务，如家庭购物、随选视讯","(Video on Demand)、远端医疗、远端教育、电玩、电信服务等。"
Bose,"(Satyendra Nath, 1894-1974, 印度物理学家，曾首先提出量子统计法）"
"错不了",(
drag;,"(方) brake"
give,"(offer) a knee (to) （特指在拳击中当助手）"
H-paperr;,"(德) Hochstadter papier"
alfene,"(合成法)"
blueweed,"(在美国得克萨斯）"
shirt;,"(苏格兰) jupe"
cook;,"(印) bobachee"
slick,"(北美南拉契亚山脉的)"
"见“冲锋陷阵”","(chōng fēng xiàn zhèn)"
"一茶杯茶","(牛奶) a glass of tea (milk)"
bail,"(打字机上的)"
koris,"(北非)"
grab-all,"(澳)"
bakehead,"(俚)"
omuramba,"(pl. omiribi)（西南非洲）"
gibli,"(阿)"
landmark,"(宇航的)"
Rossby,"(Carl-Gustaf Arvid， 1898-1957，瑞典气象学家）"
ewelease,"(英方)"
chef,"(法)"
vest,"(主英)"
hoverferry,"(英)"
brenner,"(英)"
cam,"(偏心运动的轮)"
ferrule,"(手杖、伞、木柄等顶端的)"
spike,"(电子束焊的); spike (电子束焊的)"
hackery,"(印)"
neogrammarian,"(德)"
atajo;,"(美西南部) mulada"
escabeche,"(西)"
keech,"(英方)"
ouod,"(阿)"
frill-bark,"(澳)"
"成不了",(-
"富父终甥:春秋时鲁国大夫。咸之役中为鲁帅叔孙得臣的驷乘","(即车右之副手), 杀敌将侨如, 立功。"
pseudo-ellipse,"(仿椭圆)"
cubic,"(立方的)"
trilithon,"(trilith) (古纪念物)"
trivalve,"(指果的)"
triglyph,"(陶立克柱式的特征之一)"
upthrow,"(逆断层)"
Epichnia,"(遗迹化石)"
Chunglushu,"(穴位)"
Chungkui,"(穴位)"
nereites,"(遗迹化石)"
inshoot,"(棒球)"
urstromtal,"(冰川拔削作用)"
leaching,"(焊接中的), liquation"
relief-polishing,"(金相用语)"
zoning,"(美)"
overgraining,"(上清漆前的工序)"
semilunation,"(用于潮汐)"
carbazine,"(激光染料)"
antiperiplanar,"(扭转角180)"
eyelid,"(半圆形调节片的)"
declaration,"(保险)"
gosu,"(釉下青花颜料)"
quadrajet,"(化油器)"
mephosfolan,"(杀虫杀螨剂)"
wonderstone,"(叶腊石的俗称)"
metron,"(计量信息的单位)"
Nikrofen,"(铸铁)"
Neokal,"(阴离子渗透剂)"
Nimol,"(铸铁)"
Barelattograph,"(坯体收缩，失重纪录仪)"
Motorloy,"(一种汽油添加剂的商品名)"
ration,"(食品供应品等)"
pinchers,"(沟槽的)"
moil,"(残留在成形工具上的玻璃)"
Grafil,"(碳纤维商品名)"
reeds,"(钢坯)"
Euroacryl,"(聚丙烯腈系纤维)"
ethnocentrism,"(跨国公司管理方式的一种)"
Pitometer,"(测量流速的)"
water-flooding,"(采油)"
Tyrenka,"(高强力粘胶长丝)"
coupe-cabriolet,"(可由轿式改为敞式者)"
garland,"(高炉上的)"
Bansen,"(透气率单位)"
phenothiazine,"(酚噻嗪)"
nytron,"(硫酸钠清洁剂)"
condominium,"(一种公寓产权的形式)"
isochlor,"(地下水的)"
Mykroy,"(绝缘材料)"
Nuloy,"(硬质合金)"
slow-release,"(指继电器)"
Beefmaster,"(肉用牛)"
tuck-under,"(在临界马赫数附近时的)"
utterf,"(尤指行使伪币)"
Zusatzstern,"(德)"
Seldovian,"(stage) (植物阶)"
Cetal,"(6.5％ Si, 3％ Cu, 10 Zn, 余量Al)"
Ludian,"(stage) (欧洲)"
Danuflor,"(德)"
Dayan,"(西班牙)"
overfill,"(轧制孔型的)"
vulcanorium,"(海洋中脊与岛弧之间的)"
nearbys,"(指距交收月份最近的期货合约)"
trappers,"(采矿)"
lithinit,"(硬质合金)"
niostan,"(超导材料)"
Cheviot,"(英格兰毛肉型)"
Repttian,"(stage) (北美)"
destination,"(运输问题中心需要点)"
frostwork,"(银器等的)"
pendant,"(下垂体)"
clevis,"(U形夹)"
"山口淑子)",(
"豌",(
"白衣外道",(
"俄罗斯人民友谊大学",(
"针",(
"音",(
"方",(
"软",(
"往集启事是指企事业单位","(包括个体工商业者及私人企事业) 为了征集商标、牌名、厂名、包装、图案及文稿、广告词等，通过报纸杂志、广播电视、招贴橱窗等媒体进行宣传，以吸引消费者的兴趣的一种实用性文体。"
"遗传",(
MaterMacc,"(精量播种机)"
(Tw),"(neologism) pork containing ractopamine 莱克多巴胺\"
(slang),"(fig.) to court death (derived from 找死\"
"国家为领导人民防空而建立的各级组织机构的统称。中华人民共和国的人防组织机构主要是国家人民防空办公室及在大军区、省","(自治区、直辖市)和一些重点城市设立的相应组织。"
"永中街道","(温州市龙湾区)"
"瓯北镇","(温州)"
"冲呀",(
"形容很多又很乱的一大团人","(北方土话)"
"官署名。西魏恭帝三年","(公元556年) 置, 北周沿置。六府之一。以大司马卿为长官。掌军政, 主持征伐及四时治兵讲武, 并掌官员迁调之权。统率宿卫将士, 掌管军用库藏及牲畜、车辆等。领军司马中大夫、职方中大夫等属官。隋开皇元年(581年)罢。"
"同时注意着、照顾到多方面的情况","(七: 指前、后、左、右、上、下、中)"
"刑",(
"戟",(
"太",(
"牟",(
"刈",(
"庇",(
"发菜蚝豉",(
Punycode,"(encoding for internationalized domain names) (abbr. for 国际化域名编码\"
Montreal,"(chiefly used in Hong Kong and the Chinese community in Canada) (from Cantonese 满地可 Mun dei6 hó)"
"径",(
"甚",(
"好",(
"铝单板","(建筑装饰材料)"
(neologism),"(slang) person who likes to pretend that everything is fine in their society (derived from 岁月静好\"
7-Eleven,"(convenience store chain) (abbr. for 统一超商\"
supercomputing,"(abbr. for 超级计算\"
supercomputer,"(abbr. for 超级计算机\"
"宣拨",(
"拿上来",(
"才几天工夫哇﹐麦子就长",(
"月躔二十几宿","(xiù)"
"至",(
"窒",(
"渥",(
"铨",(
"诠",(
"埋",(
"历",(
"醴",(
"烬",(
"碪",(
"谁为",(
"漓",(
"鸡子儿",(
"难",(
"䘿肃",(
"窟",(
"旧地重",(
"若爱重",(
"予秦地如毋予",(
"捃",(
"蟾蜍",(
"合亟通告",(
"求善贾",(
"惛",(
"尝",(
"堵",(
"奢",(
"摺",(
"田",(
"福",(
"蕾",(
"榴",(
"藩车",(
"畜类",(
"抽",(
"缁",(
"曲行",(
"团",(
"古之恶",(
"褂",(
"外汇行",(
"靳",(
"鸿渐于岸",(
"柳宿",(
"卬浦而后大",(
"叶韵",(
"藫",(
"卑而易行",(
"卑",(
"颦",(
"卒有不虞复当重",(
"摔了一个跟头",(
"淫僻于仁义之行",(
"襗",(
"畔",(
"舞",(
"峰",(
"铧",(
"禅",(
"韗",(
"串",(
")骑",(
"这点儿钱济不了",(
"弊",(
"训",(
"故人矜节行",(
"王好",(
"剡",(
"刨",(
"停",(
"蘅",(
"荷天下之重",(
"埼",(
"舒卷",(
"抒",(
"好恶",(
"我不明白你说的那",(
"孚",(
"弣",(
"腑",(
"榭",(
"房子盖得了",(
"信写得了",(
"你还走得吗",(
"这个买卖还做得",(
"作得了",(
"今天热得了不得",(
"埘",(
"转投特朗普",(
"呼",(
"撑",(
"穿长",(
"袜穿鞋绽",(
"拳",(
"翕",(
"乐章累朝",(
"月","(⺝) ("
"嘴",(
"辅",(
"庸巨","(讵)"
"胹",(
"端为",(
"棆",(
"镐",(
"乔",(
"峒",(
"饬",(
"胔",(
"擒",(
"漆身为厉",(
"构",(
"鲜.",(
"妙弹",(
"雕",(
"疹",(
"紾",(
"碜",(
"尸利夜",(
"众皆多其谦虚好",(
"榜",(
"谲者",(
"拘",(
"軥",(
"够我的分儿",(
"够分儿",(
"恂",(
"道恶",(
"人之性恶",(
"潙",(
"另外又跨了一份差事",(
"旁边又跨上一行",(
"刳",(
"(玄)",(
"弓",(
"侪辈之中有弗疾恶",(
"驱",(
"蹶石伐木",(
"咫",(
"及平长",(
"焕",(
"臭恶",(
"君子疾没",(
"跗",(
"祥云降",(
"碟",(
"璪",(
"藻",(
"凓",(
"棨",(
"栎",(
"咪",(
"味精);",(
"末",(
"巢",(
"苏",(
"诙",(
"糠",(
"豪贾",(
"壤",(
"榱",(
"撰",(
"纵情欢乐",(
"旧话重",(
"提示部",(
"昏定而晨省",(
"定长期票",(
"瑕",(
"被发衣",(
"缎",(
"杀出重",(
"衣服故恶",(
"惟忠故勇",(
"彻",(
"彻彼桑土",(
"敌",(
"激发之行",(
"败棋有胜着",(
"耰",(
"鲛",(
"更无他",(
"虽鞭之长",(
"泛子",(
"覂",(
"辶",(
"这儿",(
"迮",(
"缝密行",(
"其貌适吾所甚恶",(
"不过上",(
"钱花过了",(
"我们吃过",(
"杏花都已经开过了",(
"老乡又送过去",(
"腿朝",(
"珷",(
"俄",(
"肏我",(
"仪",(
"不率",(
"诸侯或朝",(
"械",(
"混帐行子",(
"老张头",(
"鸵",(
"罢了",(
"范",(
"已重",(
"他把墙角儿",(
"十把那麽长",(
"譝",(
"虍",(
"话传",(
"鱼甩子",(
"贶",(
"捝",(
"貌",(
"覜",(
"觅",(
"佻",(
"晚成",(
"天毒降",(
"飞差",(
"赢",(
"我核着你们就得",(
"捡",(
"殓",(
"大翼一膄长",(
"有冯",(
"爱民好",(
"吾与女",(
"休与",(
"三死无与",(
"不须无事与",(
"此事与",(
"员外郎",(
"贾人",(
"这是一件实事",(
"资",(
"襭",(
"颗",(
"嗉",(
"喜",(
"受了人家的惠得",(
"惠而好",(
"曛",(
"志轻理而不重",(
"荤",(
"甚麽车都得",(
"七十者衣",(
"阴行",(
"嗤",(
"蜤",(
"襁",(
"愉",(
"緀",(
"寠",(
"班马",(
yoke,"(裤的)"
albutoin,"(抗癫痫药)"
tyrylen,"(安定药)"
triazinate,"(抗肿瘤药)"
trigram,"(文字输入中的字母组合形式)"
regula,"(陶立克柱式)"
triflurin,"(安定药)"
zofoconazol,"(抗真菌药)"
trichlorourethan,"(镇静剂,安眠药)"
sylador,"(安定药)"
trimeperad,"(冠脉扩张药)"
triplet,"(导航)"
triacetin,"(抗真菌药)"
pitching,"(船的)"
obverse,"(指叶)"
hypoblast,"(两胚层胚盘的下层细胞)"
underpunch,"(紧接同一列标准代码孔之下)"
deviant,"(尤指性变态者)"
urekene,"(抗惊厥药)"
fimbrin,"(肌动蛋白)"
pereiopoda,"(成虫)"
ketol,"(类名)"
Z-pile,"(木材的)"
tylinal,"(食欲抑制药)"
Kolinsky,"(尤指黄鼬,俗称黄鼠狼)"
cross-reference,"(在语法中), interleaving access"
carpogonium,"(白粉菌科)"
chevron,"(cheveron); dancette; chevron (或 cheveron); dancette"
Kuralon,"(商品名)"
Icarus,"(小行星１５６６号)"
strangles,"(马等的)"
lunge,"(比重单位)"
barchent,"(斜纹地、背面起绒)"
iporka,"(低温绝缘材料)"
capsizing,"(船舶)"
megadalton,"(分子量单位)"
langley,"(太阳辐射强度的单位)"
remiped,"(水栖昆虫)"
helio-klischograph,"(商品名)"
triburon,"(局部、阴道消毒防腐药)"
knobble,"(如木节)"
dosseret,"(拜占庭式), super capital"
truster,"(铲运机的)"
makeup,"(演员用)"
trombavar,"(治静脉肿瘤药)"
decit,"(信息量的)"
kilurane,"(放射性能量单位)"
monotrichate,"(细菌), monotrichous"
wholesomeness,"(辐照食品的卫生安全性)"
imprinter,"(磁性传票用)"
endorse,"(磁墨水阅读器用)"
centibar,"(气压单位)"
centihg,"(厘米汞柱为单位的压强的缩写)"
unshuffle,"(从右向左移)"
timer,"(内燃机的)"
chisels,"(啮虫类)"
metapodeon,"(膜翅目), postpetiole"
afterchroming,"(羊毛处理)"
acrizane,"(杀菌剂)"
Krehalon,"(聚偏氯乙烯纤维)"
unifur,"(抗菌药)"
whistler,"(闪电等造成的)"
tetrapod,"(用于护堤的)"
recovery,"(投资的)"
inferno,"(星体温度单位)"
eyelet,"(供穿线、穿绳、挂钩等用)"
Canadine,"(一种北美黄莲碱)"
antuitrin,"(成药)"
trithilite,"(炸药)"
"型钢轧机",(
Movieola,"(剪辑电影用), moviola"
recuperator,"(病后或体力损耗后)"
polymorphism,"(计算机系统的)"
aspiron,"(治肝机能障碍药)"
Notodontidae,"(舟蛾科)"
nesa,"(氧化锡透明导电膜)"
nat,"(一种度量信息的单位)"
purse,"(美)"
tenderizer,"(肉类)"
angioxyl,"(胰腺制剂)"
anthosin,"(碱性偶氮染料)"
Amplum,"(有光粘胶纤维)"
Antron,"(三叶形截面的耐纶６６纤维)"
acethion,"(杀虫剂)"
strick,"(待梳理的)"
adolescence,"(河流)"
Unimet,"(硬质合金商品名)"
neraltein,"(解热、镇痛、止咳剂)"
Nirester,"(聚酯纤维)"
aldioxa,"(收敛剂)"
refraction,"(眼睛等的)"
arena,"(乌干达)"
trental,"(血管扩张药)"
balmer,"(波数的单位)"
Barbe,"(纤维重量平均长度)"
belt,"(行星)"
applied,"(实用的)"
Heterocera,"(蛾类)"
leader,"(磁带的)"
syncurarine,"(肌松药)"
furlong,"(长度单位,等于２０１．１７米)"
coercend,"(软件)"
tranquil-E,"(肌松药)"
retuse,"(指叶子)"
microinch,"(百万分之一英寸)"
substrate,"(胶片等的)"
overexposure,"(胶片的)"
susceptibility,"(用于植物病理学)"
tucker,"(缝纫机的)"
corbel,"(结构构件), corbelling"
jutter,"(螺纹缺陷)"
protestor,"(票据等的)"
index-mirror,"(六分仪)"
clicker,"(英国)"
stroker,"(印刷机上的)"
typp,"(描述每单位质量纱线长度的单位)"
toll,"(市场的)"
henna,"(用于染发、染指甲等)"
top-dressing,"(道路的)"
break-through,"(光学文字识别)"
paradidymis,"(残留于睾丸输出小管尾侧的中肾小管遗迹)"
radiopill,"(可吞下的微型无线电发射机)"
floater,"(担保用)"
state-of-the-art,"(音响设备、录音等)"
off-duty,"(指设备)"
gassing,"(在电场下的)"
antispasmin,"(抗胆碱药), spasmaverine"
verifying,"(穿孔卡片)"
cent,"(音程单位)"
across-the-grain,"(纸张的)"
Eu,"(流体动力学中的一个参数)"
permicron,"(１微米中的波长数的名称)"
solusediv,"(安定药)"
heliox,"(供潜水员用)"
tresortil,"(肌松药)"
sulfobutamide,"(糖尿病治疗剂)"
aldesulfone,"(抗麻风药)"
amitrol,"(三唑型除草剂), amitrole"
trazodone,"(安定药、降压药), trittico"
triazurol,"(利尿剂)"
trophenium,"(神经节阻断药)"
salicylanilide,"(局部抗真菌药)"
topsides,"(船体的)"
aquamycin,"(抗菌药)"
motor-boating,"(由低频寄生振荡引起的), popping"
sovereign,"(英国旧时面值一英镑的金币)"
asarotum,"(罗马建筑的彩色路面或桥面)"
grouting,"(凿井)"
perm,"(一种渗透率单位)"
pieze,"(压强的单位), Pz"
turbit,"(一种家鸽)"
Dynalens,"(商品名)"
slush,"(雪浆), wet snow"
rosehead,"(吸水管末端的)"
flotsam,"(遇难船只的)"
pyrotechnics,"(航天器等的)"
blow,"(写入可编程序只读存储器过程)"
rampart,"(月面)"
spasmocyclone,"(周围血管扩张药)"
ostensin,"(降压药), ostensol"
Bamberga,"(小行星)"
bioavailability,"(指生物对结合态农药残留物的利用率), biological availability"
absent,"(ABS) (电传用语)"
scapuren,"(抗血吸虫药)"
trepidone,"(安定药)，control-om; methoxadone; methoxydone; metoxadone; toloxatone; tepidone; tranpoise; xerene(安定药); riself"
relaxil,"(肌松药)"
anratal,"(抗胆碱药)"
asozart,"(降压药)"
helmet,"(日冕)"
wake,"(流星的)"
niridazole,"(抗血吸虫药)"
sulazepam,"(弱安定药)"
solocton,"(周围血管扩张药)"
tylciprine,"(抗忧郁药)"
synacur,"(肌松药)"
sombrasil,"(胆囊造影剂)"
baguio,"(菲律宾强烈热带气旋)"
tresochid,"(抗疟药)"
xantifibrate,"(降血脂药)"
Artehard,"(降压药)"
Arasan,"(保护性杀菌剂), thiram"
threadbare,"(衣服等)"
sideunwinding,"(退绕方向与纱管垂直)"
millier,"(用来表示百万克的名称)"
grisaille,"(装饰用)"
filamin,"(肌动蛋白)"
Chinchillidae,"(毛丝鼠科)"
tilt,"(摄影机在垂直面内的)"
isolit,"(一种绝缘材料)"
Vitel,"(聚酯树脂)"
tristeril,"(酸碱度调节药)"
oxetacaine,"(局麻药)"
vasopil,"(强心药)"
soterenol,"(支气管扩张药)"
fry,"(如蜂、蛙等)"
transbronchin,"(祛痰药)"
alaraliae,"(仅为复数)"
Co,"(磁流体动力学上的一个无量纲数)"
pulp,"(植物的)"
elytron,"(多毛类)"
retread,"(轮胎)"
underfoot,"(指船在前进航速时把锚抛下)"
suloctidil,"(周围血管扩张药)"
gemmule,"(神经细胞)"
Proaqua,"(利尿、降压药)"
germanin,"(抗锥虫、丝虫药)"
tylagel,"(止痒药)"
vigilor,"(中枢兴奋药)"
trysben,"(除草剂)"
arakawaite,"(磷锌铜矿)"
mohm,"(力迁移率单位)"
lambda,"(微量化学中一种容积单位)"
myrmecochory,"(由蚂蚁传播种子)"
hem,"(古希腊Ｉｏｎｉｃ柱头上用)"
Tectibranchia,"(侧鳃目)"
pleat,"(胶合板)"
javenine,"(一种金鸡纳生物碱)"
trim,"(船只的)"
ultramicrotome,"(切割镜检样品用的)"
astrotaxis,"(细胞分裂)"
metatarsus,"(昆虫的), planta"
hypotelorism,"(两器官间)"
roadhouse,"(尤指农村的)"
thrush,"(马的)"
undermounted,"(拖拉机)"
transformant,"(指已经转化的细菌细胞)"
photo-second,"(曝光单位)"
backout,"(火箭)"
audominen,"(抗炎药)"
tromantadine,"(抗病毒药)"
rebat,"(日内瓦湖的微风)"
web,"(如刀叶、锯片等)"
sijna,"(一种南亚树皮,催产药)"
isa,"(电阻用合金), manganese copper"
furca,"(鳞翅目)"
Acrilan,"(聚丙烯腈纤维)"
Armbrust,"(便携式肩上发射的德国反坦克兵器)"
arsacetin,"(抗病毒药)"
aplutin,"(成药,黄体素化制剂)"
apostilb,"(光亮度单位)"
acerbine,"(治灼伤药)"
Aceta,"(醋酯长丝)"
amixetrine,"(抗炎、抗胆碱药)"
Armiak,"(驼毛斜纹织物)"
Aviloc,"(用粘合剂加工的人造丝或帘线)"
accessorone,"(维生素与铁血红素制剂)"
heelplate,"(防磨损的)"
prewire,"(磁心的)"
mala,"(多足类)"
organ-loft,"(音乐厅内的)"
tresten,"(止吐药)"
perosis,"(家禽)"
settle,"(木制有扶手的)"
"Rogaine(含minoxidil)","(男性秃发治疗药)"
Opacode,"(药用辅料)"
butesamid,"(催眠镇静药)"
burodiline,"(解痉药)"
denpidazone,"(骨骼肌松驰药)"
resocortol,"(肾上腺皮质激素类药)"
esculamine,"(止血药)"
"Mallebrin(含氯酸铝)","(敛汗药)"
rhodexin,"(强心药)"
"Vioxx(含rofecoxib)","(抗关节炎药)"
"tazobacillin(含tazobactam、piperacillin)","(抗生素类药)"
"tridosan(含氟化钠和三氯生)","(防龋药)"
tribromide,"(催眠镇静药)"
trimetrexate,"(抗肿瘤药)"
trimethylolmelamine,"(抗肿瘤药)"
tribenoside,"(毛细血管扩张药,硬化剂)"
manubrium,"(藻类)"
Gyne-Moistrin,"(妇科用药)"
Surgel,"(润滑剂)"
"fluoracaine(含盐酸丙美卡因,荧光素钠)","(眼用局麻药)"
profexalone,"(催眠药)"
tachyplesin,"(抗菌药)"
"Livzonphin(头孢曲松钠粉针剂)","(抗生素类药)"
upidosin,"(α1受体阻滞药)"
upenazime,"(诊断用药)"
uniprost,"(前列腺素类药)"
Novamin,"(氨基酸类静脉输注液)"
ethacizine,"(抗心律失常药)"
vintiamol,"(镇痛药)"
esuprone,"(抗抑郁药)"
emivirine,"(抗病毒药)"
"Miochol-E(含氯乙酰胆碱、甘露醇)","(抗青光眼药)"
acetovanillone,"(强心药)"
Tambocor,"(抗心律失常药)"
Cholac,"(缓泻药)"
Biofermin,"(助消化药)"
Niacal,"(血管扩张药)"
Alphatrex,"(肾上腺皮质激素类药)"
stilbestronate,"(雌激素类药)"
Chemet,"(螯合剂)"
dichloralantipyrine,"(镇静催眠药)"
Nitral,"(冠脉扩张药)"
bisulepin,"(抗组胺药)"
dihydroxydibutylether,"(利胆药)"
"sulfonamide,doubles","(磺胺类抗菌药)"
dibenamine,"(抗肾上腺素药)"
Venoglobulin-S,"(生物制品)"
Apligraf,"(体表溃疡治疗药)"
Velosulin,"(降血糖药)"
tacalcitol,"(抗银屑病药)"
tazomeline,"(拟胆碱药)"
tagorizine,"(抗组胺药,血管扩张药)"
taleranol,"(酶抑制药)"
"Targocid(teicoplanin粉针剂)","(抗生素类药)"
tamibarotene,"(角质生成抑制药)"
"tasonermin(α族肿瘤坏死因子)","(抗肿瘤药)"
talviraline,"(抗病毒药)"
"Diovan(含valsartan)","(抗高血压药)"
ipidacrine,"(胆碱酯酶抑制药)"
ibutamoren,"(垂体激素释放兴奋药)"
itriglumide,"(抗溃疡病药)"
ilodecakin,"(免疫抑制药)"
ibandronate,"(抗骨质疏松药)"
iroplact,"(免疫调节药)"
inolimomab,"(免疫抑制药)"
volibose,"(降血糖药)"
volpristin,"(抗菌药)"
valspodar,"(多药抗药调节剂)"
valdecoxib,"(环氧酶-2抑制药,抗风湿药)"
vatanidipine,"(钙通道阻滞药)"
"Suprane(desflurane吸入剂)","(麻醉药)"
Ursofalk,"(利胆药)"
"Euthyrox(含左甲状腺素钠)","(激素类药)"
"Paraplatin(含carboplatin)","(抗肿瘤药)"
"Zomig(含zolmitriptan)","(抗偏头痛药)"
ecraprost,"(前列腺素类药)"
edrecolomab,"(免疫调节药)"
epidepride,"(抗精神病药)"
eperezolid,"(抗菌药)"
epratuzumab,"(免疫调节药)"
edogestrone,"(孕激素类药)"
etoprindole,"(消炎镇痛药)"
etoxazene,"(镇痛药)"
elarofiban,"(纤维蛋白原受体拮抗药)"
"Etrafon(含奋乃静,阿米替林)","(精神疾病治疗药)"
eptifibatide,"(急性冠脉症治疗药,抗血小板药)"
etifoxine,"(抗焦虑药)"
eledoisin,"(眼科用药)"
efavirenz,"(非核苷逆转录酶抑制药)"
everolimus,"(免疫抑制药)"
ecopipam,"(抗精神失常药)"
emoctakin,"(免疫调节药)"
edaravone,"(自由基清除药)"
etanercept,"(TNF-α拮抗剂,抗类风湿关节炎药)"
Reversol,"(抗胆碱酯酶药)"
gestagen,"(孕激素类药)"
"Prostavasin(含alprostadil)","(改善循环药)"
"Meropenem(美罗培南粉针剂)","(抗生素类药)"
"Cedax(含ceftibuten)","(抗生素类药)"
"Cutivate(丙酸氟替卡松)","(肾上腺皮质激素类药)"
clevudine,"(钙通道阻滞药)"
"Hexalen(含altretamine)","(抗肿瘤药)"
clotioxone,"(抗真菌药)"
"clotrasone(含克霉唑,倍他米松)","(抗真菌药)"
"Clexane(含enoxaparin)","(抗血栓药)"
nepicastat,"(β-羟化酶抑制药)"
"Zaike(头孢克洛制剂)","(头孢菌素类抗生素)"
Thrombogen,"(局部止血药)"
keliximab,"(免疫调节药)"
keracyanin,"(视紫质再生药)"
kelatorphan,"(脑啡肽酶抑制药)"
cathelin,"(抗菌药)"
"Legalon(含silymarin)","(护肝药)"
"Lijunsha(琥乙红霉素薄膜衣片)","(抗生素类药)"
Lida-Mantle,"(局部麻醉药)"
linetastine,"(抗过敏药)"
"Lamictal(含lamotrigine)","(抗癫痫药)"
"Glutrol(含glipizide)","(降血糖药)"
"Liveral(含二氯醋酸二异丙胺、葡萄糖酸钙)","(肝病用药)"
Hyserp,"(抗高血压药)"
"Espo(重组人类红细胞生成素α注射剂)","(抗贫血药)"
lipoalprostadil,"(前列腺素类药)"
"Lipofundin(含大豆油、中链甘油三酯、蛋黄磷脂和甘油)","(营养类药)"
"Gunevax(冻干风疹活疫苗)","(生物制品)"
gacyclidine,"(NMDA受体拮抗药)"
pitavastatin,"(降血脂药)"
pimilprost,"(前列腺素类药,抗血栓药)"
brintobal,"(消毒防腐药)"
Cystagon,"(抗胱氨酸病药)"
moctanin,"(溶胆石药)"
Myrj,"(表面活性剂)"
nantradol,"(镇痛药)"
"Ipolipid(含gemfibrozil)","(降血脂药)"
cartasteine,"(粘液溶解药)"
"Qari(含rufloxacin)","(抗菌药)"
"Carpine(含carbamazepine)","(抗癫痫药)"
calcipotriene,"(维生素D3类似物)"
Fiberall,"(缓泻药)"
"Quamatel(含famotidine)","(抗溃疡病药)"
Carrisyn,"(抗病毒药)"
cariporide,"(钠氢转输抑制药)"
calmidazolium,"(一氧化氮合酶抑制剂)"
rufinamide,"(抗癫痫药)"
halonamine,"(抗震颤麻痹药)"
Hiwolfia,"(抗高血压药)"
Rautina,"(抗高血压药)"
erdosteine,"(粘液溶解药)"
Cholan-HMB,"(缓泻药)"
equilenin,"(雌激素类药)"
norastemizole,"(组胺H1受体拮抗药)"
difurazone,"(抗菌药)"
digammacaine,"(局麻药)"
dipridamole,"(抗心绞痛药)"
bibapcitide,"(诊断用药)"
dihydrotriazine,"(抗感染药)"
AT-Solution,"(血钙调节药)"
formoguanamine,"(利尿药)"
"Combivir(含zidovudine,lamivudine)","(抗病毒药)"
reposal,"(催眠镇静药)"
Novomix,"(降血糖药)"
dihydroheroine,"(麻醉药)"
diacetamate,"(解热镇痛药)"
azidouridine,"(抗病毒药)"
"Glypressin(特利加压素制剂)","(止血药)"
"Colposeptine(含chlorquinaldol,promestriene)","(妇科用药)"
Dibenzyline,"(抗高血压药)"
(R)-bupropion,"(戒烟药)"
dexbudesonide,"(平喘药,激素类药)"
DexFerrum,"(补铁药)"
Zinecard,"(心脏保护药,解毒药)"
Derifil,"(口腔除臭剂)"
selamectin,"(抗寄生虫药)"
setipafant,"(抗凝药)"
Span-40,"(药用辅料)"
scopinast,"(抗过敏药)"
dialminate,"(抗酸药)"
Syntocinon,"(子宫兴奋药)"
gitali(gi)n,"(强心药)"
gemcadiol,"(抗高脂蛋白血药)"
"Glitter(含吡拉西坦,重酒石酸胆碱)","(益智药)"
gimeracil,"(抗肿瘤辅助药)"
germacrone,"(祛痰药)"
homarylamine,"(镇咳药)"
mofoxime,"(镇咳药)"
"Zinamide(含pyrazinamide)","(抗结核药)"
pyridoxamine,"(维生素类药)"
piriqualone,"(抗癫痫药)"
Feldene,"(消炎药)"
indocate,"(抗抑郁药)"
Gelfilm,"(局部止血药)"
Hemotene,"(局部止血药)"
"Urgenin(含锯叶棕提取物和紫锥花叶提取物)","(前列腺疾病治疗药)"
Macrobid,"(尿路抗感染药)"
furaguanidine,"(抗菌药)"
nitrofural,"(消毒防腐药,局部抗感染药)"
furomazine,"(安定药)"
Ideos,"(补钙药)"
Walugel,"(抗溃疡病药)"
Aqua-Ban,"(利尿药)"
piflutixol,"(5-羟色胺受体阻滞药)"
taurultam,"(抗真菌药)"
"Sandostatin(含octreotide)","(生长激素抑制药)"
"Formance(含多种营养成分)","(营养类药)"
"Cipramil(含citalopram)","(抗抑郁药)"
Myoscint,"(诊断用药)"
normolaxol,"(泻药)"
oxaprozin,"(消炎止痛药)"
oxaprazine,"(镇咳药)"
Trace,"(诊断用药)"
"Invoril(含enalapril)","(抗高血压药)"
dectaflur,"(防龋齿药)"
Dexaport,"(肾上腺皮质激素类药)"
dibuprol,"(利胆药)"
ditekiren,"(抗高血压药)"
declopramide,"(抗肿瘤药)"
defoslimod,"(免疫调节药)"
Diastat,"(抗惊厥药)"
dimabefylline,"(平喘药)"
postlobin-v,"(血管加压药,抗利尿药)"
pegnartograstim,"(免疫调节药)"
pelubiprofen,"(消炎镇痛药)"
"Pelox(含甲磺酸培氟沙星二水合物)","(喹诺酮类抗菌药)"
perfosfamide,"(抗肿瘤药)"
pegvisomant,"(生长激素拮抗药)"
pexiganan,"(抗菌药)"
"Pletaal(含cilostazol)","(抗血小板聚集药)"
Thioplex,"(抗肿瘤药)"
celecoxib,"(抗关节炎药,COX-2抑制剂)"
Because,"(杀精子药)"
Theravite,"(维生素类药)"
"Tersaseptic(含triclosan)","(抗痤疮药)"
"Tenoretic(含atenolol、chlorthalidone)","(抗高血压药)"
"Regroton(含chlortalidone,reserpine)","(抗高血压药)"
"Riamet(含artemether、lumefantrine)","(抗疟药)"
doripenem,"(抗生素类药)"
tolypomycin,"(抗生素类药)"
"Renese(含polythiazide)","(利尿药)"
Nuromax,"(神经肌肉阻断药)"
Unilax,"(缓泻药)"
doramectin,"(抗寄生虫药)"
"Durogesic(芬太尼外用贴剂)","(镇痛药)"
docetaxel,"(抗肿瘤药)"
"Taponin(含银杏黄酮苷)","(抗冠心病药)"
tetrangomycin,"(抗生素类药)"
"Titanoreine(角菜酸酯,二氧化钛栓剂)","(痔疮治疗药)"
"Tadenan(含非洲臀果木提取物)","(前列腺增生治疗药)"
frovatriptan,"(5-HT1B/1D激动剂,抗偏头痛药)"
fradafiban,"(纤维蛋白原受体阻滞药)"
Tazidime,"(头孢菌素类抗生素)"
cefaclidine,"(头孢菌素类抗生素)"
cefoselis,"(头孢菌素类抗生素)"
Monocid,"(抗生素类药)"
ceftibuten,"(头孢菌素类抗生素)"
cefclindin,"(头孢菌素类(5-氨基-2-噻唑亚类)抗生素)"
"Cefzil(cefprozil片剂)","(抗生素类药)"
nepafenac,"(消炎镇痛药)"
Serzone,"(抗抑郁药)"
neptamustine,"(抗肿瘤药)"
nexteridine,"(镇痛药)"
nelfifudine,"(抗病毒药)"
ocrase,"(抗血栓药)"
opebacan,"(抗微生物药)"
opaviraline,"(抗病毒药)"
odulimomab,"(免疫调节药)"
olradipine,"(血管扩张药)"
olamufloxacin,"(喹诺酮类抗菌药)"
osanetant,"(神经激肽受体阻滞药)"
oxapadol,"(镇痛药)"
ofornine,"(抗高血压药)"
olizumab,"(平喘药)"
Prilosec,"(抗溃疡病药)"
omidoline,"(抗震颤麻痹药)"
"Orphengesic(含枸橼酸奥芬那君、阿司匹林和咖啡)","(肌肉松驰药)"
ocinaplon,"(抗焦虑药)"
odalprofen,"(消炎镇痛药)"
"Topamax(含topiramate)","(抗癫痫药)"
"Josamy(丙酸交沙霉素干糖浆)","(抗生素类药)"
gestadienol,"(孕激素类药)"
"Vergeturine(含卵磷脂、维生素和天然油脂)","(护肤药)"
Valrelease,"(安定药)"
amlinitide,"(抗糖尿病药)"
ambenoxan,"(肌肉松弛药)"
"Phyllocontin(氨茶碱控释片)","(支气管扩张药)"
"Fulutong(含nicergoline)","(脑代谢增强药)"
"Fluimucil(含N-acetylcysteine)","(祛痰药)"
Paser,"(抗结核药)"
"Isedyl(含磷酸可待因、盐酸异丙嗪、盐酸麻黄碱和磺酸愈创木酚)","(镇咳药)"
nicanartine,"(降血脂药)"
Habitrol,"(戒烟药)"
nitracrine,"(抗肿瘤药)"
nitisinone,"(羟苯丙酮酸二氧酶抑制药)"
nifluridide,"(杀寄生虫药)"
nifekalant,"(钾通道阻滞药)"
urogastrone,"(角膜移植用药)"
UBT,"(诊断用药)"
sandramycin,"(抗生素类药)"
sampatrilat,"(血管紧张素转化酶抑制药)"
levonantradol,"(镇痛药)"
levmetamfetamine,"(拟肾上腺素药)"
levlofexidine,"(抗高血压药)"
Norplant,"(避孕药)"
Levoprome,"(抗精神病药)"
5-mercaptomethyluracil,"(抗肿瘤药)"
Desma,"(雌激素类药)"
balazipone,"(细胞保护药)"
"Paxarel(含acetylcarbromal)","(镇静催眠药)"
balsalazine,"(抗溃疡病药)"
Butalan,"(催眠镇静药)"
butoxylate,"(镇痛药)"
bulaquine,"(抗疟药)"
butixirate,"(消炎镇痛药,抗风湿药)"
Ibuprohm,"(消炎镇痛药)"
brasofensine,"(抗震颤麻痹药)"
"Bredinin(含maizoribine)","(免疫抑制药)"
palivizumab,"(生物制品)"
pavatrine,"(抗胆碱药)"
pagoclone,"(抗焦虑药)"
pacrinolol,"(β受体阻滞药)"
paliperidone,"(抗抑郁药)"
pazufloxacin,"(喹诺酮类抗菌药)"
pamiteplase,"(组织型纤维溶酶原激活药,抗心肌梗塞药)"
Foradil,"(平喘药)"
"Asthmalixir(含茶碱、硫酸麻黄碱、愈创甘油醚、苯巴比妥和乙醇)","(支气管扩张药)"
"Fortolin(含对乙酰氨基酚)","(解热镇痛药)"
"Progress(含蛋白质、脂肪、碳水化合物、多种维生素和矿物质)","(营养类药)"
"Casodex(含bicalutamide)","(抗肿瘤药)"
"Kenacort(曲安西龙制剂)","(肾上腺皮质激素类药)"
"Contractubex(含洋葱浸出液,肝素钠)","(抗瘢痕药)"
"Ketosteril(含复方α-酮酸)","(肾功能衰竭治疗药)"
isobutamben,"(局麻药)"
isoprothiolane,"(杀菌剂)"
isoeuxanthone,"(抗肿瘤药)"
Ismotic,"(渗透性利尿药)"
Ifex,"(抗肿瘤药)"
Toxo,"(诊断用药)"
integrelin,"(抗血小板药)"
Dermestril-Septum,"(雌激素类药)"
"Drisdol(维生素D2)","(维生素类药)"
"Pitressin(含vasopressin)","(止血药)"
eniluracil,"(抗肿瘤药)"
embusartan,"(血管紧张素Ⅱ受体拮抗药)"
enzacamene,"(防晒药)"
enrasentan,"(内皮素受体拮抗药)"
emfilermin,"(生长因子类药)"
"Lactomil(含蛋白质、脂肪、碳水化合物、多种维生素和矿物质)","(营养类药)"
Traumacal,"(营养类药)"
Breonesin,"(祛痰药)"
"Indocontin(含吲哚美辛)","(消炎镇痛药)"
goralatide,"(免疫调节药)"
6-prenylindole,"(抗肿瘤药)"
zaleplon,"(催眠镇静药)"
zafuleptine,"(抗抑郁药)"
Tropicacyl,"(散瞳药)"
tropirine,"(抗胆碱药)"
tocladesine,"(免疫调节药)"
toborinone,"(强心药)"
tofetridine,"(镇痛药)"
Blis-To-Sol,"(局部抗真菌药)"
tonabersat,"(抗惊厥药)"
tofisoline,"(安定药)"
candistatin,"(抗真菌药)"
Cenolate,"(维生素类药)"
"Zelmac(含tegaserod)","(抗肠易激综合征药)"
"Rudivax(减毒风疹活疫苗)","(生物制品)"
ladirubicin,"(抗肿瘤抗生素类药)"
lanicemine,"(NMDA受体拮抗药)"
lazaroids,"(脂质膜过氧化作用抑制剂)"
lasinavir,"(抗病毒药)"
lanoteplase,"(纤维蛋白溶酶原激活药,溶血栓药)"
radiocyanocobalamin,"(诊断用药)"
radiogoldsolution,"(放射性药品)"
Cosmegen,"(抗肿瘤药)"
"Minulet(含炔雌醇-孕二烯酮)","(避孕药)"
"Meladinine(8-甲氧补骨脂素片剂)","(皮肤科用药)"
"(cefprozil片剂)","(抗生素类药)"
"Cefizox(含ceftizoxime)","(头孢菌素类抗生素)"
paracalcitol,"(继发性甲状旁腺机能亢进治疗药)"
ontazolast,"(平喘药)"
"Prograf(含tacrolimus)","(免疫抑制药)"
pramlintide,"(降血糖药)"
Pregabalin,"(抗痉挛药)"
prucalopride,"(胃肠动力药)"
pretomaymycin,"(抗肿瘤药)"
praxadine,"(消炎镇痛药)"
pradimicin,"(抗真菌药)"
pralmorelin,"(垂体激素释放兴奋药)"
"Pulmicort(含budesonide)","(平喘药)"
proxodolol,"(β受体阻滞药)"
Thyrel-TRH,"(诊断用药)"
prindamine,"(抗抑郁药)"
podofilox,"(抗有丝分裂药)"
Anuject,"(肛门直肠用药)"
Promine,"(抗心律失常药)"
plusonermin,"(抗肿瘤药)"
trizoxime,"(抗抑郁药)"
trastuzumab,"(抗肿瘤药)"
troxacitabine,"(抗肿瘤药)"
trazanox,"(抗过敏药)"
Trimazide,"(镇吐药)"
trecetilide,"(抗心律失常药)"
Tremacamra,"(抗感冒药)"
gantofiban,"(纤维蛋白原受体阻滞药)"
temlisartan,"(抗高血压药)"
telinavir,"(抗病毒药)"
tionidine,"(组胺H2受体阻滞药)"
tebatizole,"(脑功能改善药)"
ticonazole,"(抗真菌药)"
tetronothiodin,"(胆囊缩素受体拮抗药)"
tiglyssin,"(中枢抑制药)"
teflutixol,"(安定药)"
tibrofan,"(消毒药)"
tesmilifene,"(抗雌激素药)"
teverelix,"(垂体激素释放抑制药)"
tifemoxone,"(镇痛药, 解痉药)"
tibenzate,"(抗蠕虫药)"
temocaprilat,"(血管紧张素转换酶抑制药)"
tivirapine,"(抗病毒药)"
"Diclazide(含gliclazide)","(降血糖药)"
leptacline,"(兴奋药)"
Leptin,"(抗肥胖药、体重调节药)"
lexacalcitol,"(维生素类药)"
lemakalim,"(钾通道激活药)"
lintuzumab,"(免疫调节药)"
lintitript,"(缩胆囊肽受体阻滞药)"
Syrpalta,"(药用辅料)"
"Zufen(含baclofen)","(肌肉松驰药)"
Citrocarbonate,"(抗酸药)"
glyhexamide,"(降血糖药)"
glaucarubin,"(抗阿米巴药)"
"Granocyte(基因重组人体粒细胞集落刺激因子冻干粉)","(粒细胞集落刺激药)"
sophorine,"(中枢兴奋药)"
"Obin(含metformin)","(降血糖药)"
Syllact,"(缓泻药)"
onaperone,"(抗精神失常药)"
"Oruvail(酮洛芬缓释剂)","(消炎镇痛药)"
Buminate,"(血容量补充药)"
"Muphoran(福莫司汀粉针剂)","(抗肿瘤药)"
chlorpyrifos,"(杀虫药)"
bivalirudin,"(抗凝药)"
Delco-Lax,"(缓泻药)"
biricodar,"(抗肿瘤药)"
"Flutan(含flutamide)","(抗肿瘤药)"
Na-Feen,"(防龋齿药)"
"Inapsine(含droperidol)","(全身麻醉药)"
flupezapine,"(抗精神病药)"
falnidamol,"(抗肿瘤药)"
ftormetazine,"(抗抑郁药)"
Karigel,"(防龋齿药)"
"Fluor-Op(含fluorometholone)","(肾上腺皮质激素类药)"
Fluocet,"(局部用肾上腺皮质激素类药)"
falecalcitriol,"(维生素类药)"
hydrocotarnine,"(镇咳药)"
"Tussionex(含氢可酮和氯苯那敏)","(镇咳药)"
pyrrodoxycline,"(抗生素类药)"
Saluron,"(利尿药)"
Alu-Tab,"(抗酸药)"
phenamidine,"(抗菌药)"
bithionoloxide,"(消毒防腐药)"
carbaminoylcholine,"(拟胆碱药)"
aminochlorthenoxycycline,"(抗生素类药)"
Mexate,"(抗肿瘤药)"
"Omnipen(含ampicillin)","(青霉素类抗生素)"
Amphocaps,"(青霉素类抗生素)"
butamben,"(局麻药)"
Truphylline,"(支气管扩张药)"
Cytadren,"(肾上腺皮质激素抑制药)"
"Taractan(含chlorprothixene)","(抗精神病药)"
K-Lor,"(补钾药)"
K-Lyte/CI,"(补钾药)"
Tranxene,"(安定药)"
Demi-Regroton,"(抗高血压药)"
Thalitone,"(利尿药)"
chlorophacinone,"(杀鼠药)"
cloflumide,"(抗精神病药)"
Brigen-G,"(抗焦虑药)"
Clozaril,"(抗精神病药)"
clociguanil,"(抗疟药)"
Klonopin,"(抗惊厥药)"
clamikalant,"(钾通道阻滞药)"
cloguanamil,"(抗疟药)"
flumethrin,"(杀虫药)"
cloxathiepin,"(抗精神病药)"
clanobutin(e),"(利胆药)"
merbaphen,"(利尿药)"
meralein,"(消毒防腐药)"
sarcolysin,"(抗肿瘤药)"
sabcomeline,"(阿尔茨海默病治疗药)"
Fortovase,"(抗病毒药)"
satraplatin,"(抗肿瘤药)"
Brij,"(表面活性剂)"
ponazuril,"(抗寄生虫药)"
phacoline,"(抗白内障药)"
farnesil,"(基)"
"Fastum(含ketoprofen)","(消炎镇痛药)"
Pharmorubicin,"(抗肿瘤药)"
fexicaine,"(局麻药)"
fanapanel,"(AMPA受体阻滞药)"
fandofloxacin,"(喹诺酮类抗菌药)"
Hypaque,"(造影剂)"
"Pregnyl(含人绒毛膜促性腺激素)","(抗不孕药)"
Protonix,"(质子泵抑制药)"
zindoxifene,"(雌激素拮抗药)"
"Trastal(含piribedil)","(抗帕金森氏病药)"
zenazocine,"(镇痛药)"
digitoxigenin,"(强心药)"
digitogenin,"(强心药)"
rokitamycin,"(抗生素类药)"
lodenosine,"(抗病毒药)"
loprinone,"(强心药)"
Liqui-Char,"(解毒药)"
alukalin,"(止泻药)"
scillarenin,"(强心药)"
Surgilube,"(外科用药)"
Explotab,"(药用辅料)"
Regonol,"(拟胆碱药)"
methylbromtropin,"(抗胆碱药)"
Picibanil,"(免疫增强药)"
"Pantoloc(含pantoprazole)","(抗溃疡病药)"
Ocu-Lube,"(眼润滑药)"
nicodicodine,"(镇咳药)"
Niaspan,"(调脂药)"
Evicyl,"(降血脂药)"
Actigall,"(胆石溶解药)"
"Evra(含norgestimate,ethinylestradiol)","(避孕药)"
"Estratest(含酯化雌二醇类,甲睾酮)","(激素类药)"
"Esafosfina(1,6-二磷酸果糖三钠注射液)","(心肌营养药)"
tetracenomycin,"(抗生素类药)"
terbogrel,"(抗凝药)"
"Trexyl(含terfenadine)","(抗过敏药)"
Rosets,"(诊断用药)"
Estro-Cyp,"(雌激素类药)"
Depogen,"(雌激素类药)"
Dura-Estrin,"(雌激素类药)"
cyclomethicone,"(药用辅料)"
Cytoxan,"(抗肿瘤药)"
Neosar,"(抗肿瘤药)"
cinoctramide,"(镇静催眠药)"
rifacycloctizone,"(抗生素类药)"
"Posterisan(细菌水悬液油膏)","(痔疮治疗药)"
bambuterol,"(支气管扩张药)"
"Benzihex(过氧化苯甲酰凝胶)","(痤疮治疗药)"
Pediamycin,"(抗生素类药)"
revatropate,"(支气管扩张药)"
resiquimod,"(免疫调节药)"
relcovaptan,"(加压素受体拮抗药)"
daphnetin,"(镇痛药,血管扩张药)"
Crescormon,"(激素类药)"
secergan,"(解痉药)"
mepixanox,"(抗过敏药)"
mexolamine,"(抗炎, 镇痛药)"
methylurapidil,"(α受体拮抗药)"
methoxyelipticine,"(抗肿瘤药)"
Rheumatrex,"(抗关节炎药)"
Metrogel,"(抗痤疮药)"
methiopril,"(ACE抑制药)"
Bronkosol,"(支气管扩张药)"
Twinrix,"(生物制品)"
Vaqta,"(生物制品)"
"Septo(含甲苄索氯铵、2%乙醇和薄荷脑)","(消毒防腐药)"
Del-Trac,"(抗痤疮药)"
Theratope,"(生物制品)"
solamarine,"(抗肿瘤药)"
"Peganone(含ethotoin)","(抗癫痫药)"
eriolanin,"(抗肿瘤药)"
Vesprin,"(抗精神病药)"
Prozine,"(抗精神病药)"
droxinavir,"(抗病毒药)"
Catapres,"(抗高血压药)"
Precedex,"(镇静药)"
Eyesine,"(缩血管药,散瞳药)"
Tetracap,"(抗生素类药)"
Salagen,"(拟胆碱药)"
Mitran,"(抗焦虑药)"
Diar-aid,"(止泻药)"
Cipro,"(抗菌药)"
Ciloxan,"(喹诺酮类抗菌药)"
Pentolair,"(散瞳药)"
Dynacin,"(抗生素类药)"
Qua-Bid,"(外周血管扩张药)"
Roxicodone,"(镇痛药)"
OxyContin,"(镇痛药)"
Epifrin,"(拟肾上腺素类药)"
fenmetozole,"(抗抑郁药)"
Dexatrim,"(减肥药)"
Ardeben,"(抗组胺药)"
Univasc,"(抗高血压药)"
ciramadol,"(镇痛药)"
Pyrochep,"(抗组胺药)"
alfuzosin,"(抗高血压药,抗前列腺增生药)"
"Gasmotin(枸橼酸莫沙必利二水合物散剂)","(抗胃炎药,胃-食管反流病治疗药)"
Testamone,"(雄激素类药)"
nyctalux,"(夜盲症治疗药)"
nitroguanil,"(抗寄生虫药)"
Isordil,"(抗心绞痛药)"
Monoket,"(抗心绞痛药)"
Klavikordal,"(抗心绞痛药)"
"Solganol(含aurothioglucose)","(抗关节炎药)"
Ferospace,"(抗贫血药)"
Neo-Fradin,"(抗生素类药)"
rotundine,"(镇痛药)"
modinal,"(去垢剂)"
Blis,"(局部抗真菌药)"
ioflupane,"(诊断用药)"
iodinatedalbumin,"(诊断用药)"
iotyrosine,"(放射性药品)"
Visipaque,"(Nycomed) iodixanol (诊断用药)"
Iodex,"(防腐杀菌药)"
Thyro-Block,"(抗甲状腺药)"
iopiperidol,"(造影剂)"
phenyliodoundecynoate,"(抗真菌药)"
Surgidine,"(消毒防腐药)"
Quick-K,"(补钾药)"
Neutralin,"(抗酸药)"
Diarrest,"(止泻药)"
Calci-Mix,"(补钙药)"
Basaljel,"(抗酸药)"
Panclar,"(中枢兴奋药)"
phosphocysteamine,"(抗胱氨酸病药)"
AK-Dex,"(肾上腺皮质激素类药)"
miproxifene,"(抗肿瘤药)"
Gantrisin,"(磺胺类抗菌药)"
"Vagitrol(含sulfanilamide、allantoin、aminoacridine)","(抗感染药)"
foropafant,"(抗凝药)"
mivobulin,"(抗肿瘤药,微管抑制药)"
mipitroban,"(抗血栓药)"
mitumomab,"(免疫调节药)"
mitiglinide,"(降血糖病)"
midaxifylline,"(腺苷受体拮抗药)"
miboplatin,"(抗肿瘤药)"
Chymodiactin,"(蛋白分解酶)"
Haugase,"(酶类药)"
solcoseryl,"(幼牛血清制品)"
solimastat,"(酶抑制药)"
sopitazine,"(抗胆碱药)"
sonepiprazole,"(抗精神病药)"
soretolide,"(抗惊厥药)"
vedaclidine,"(镇痛药)"
versetamide,"(诊断用药)"
vibunazole,"(抗病毒药)"
vepalimomab,"(免疫调节药)"
"Risperdal(含risperidone)","(抗精神病药)"
ergocalciferol,"(维生素类药)"
vephylline,"(平喘药)"
vedaprofen,"(消炎镇痛药)"
rostaporfin,"(光增敏药)"
"Loceryl(盐酸阿莫罗芬搽剂)","(抗真菌药)"
roflumilast,"(溶血栓药)"
rovelizumab,"(免疫调节药)"
rosuvastatin,"(降血脂药)"
Rodferon-A,"(抗肿瘤药)"
"Monurol(磷霉素氨丁三醇颗粒剂)","(尿路抗感染药)"
"Millibar(含indapamide)","(抗高血压药)"
"Micardis(含telmisartan)","(抗高血压药)"
maytansinol,"(抗肿瘤药)"
"Madopar(左旋多巴-苄丝肼合剂)","(抗震颤麻痹药)"
metogest,"(雌激素类药)"
meradimate,"(防晒药)"
meglitinide,"(降血糖药)"
methamoctol,"(拟肾上腺素药)"
"Penglobe(含bacampicillin)","(抗生素类药)"
"Mabthera(利妥昔单抗注射剂)","(抗肿瘤药)"
menoctone,"(抗疟药)"
habekacin,"(抗生素类药)"
Lacrisert,"(眼科用药)"
5-HP,"(抗肿瘤药)"
N-hydroxycantharidin,"(抗肿瘤药)"
hydroxyprocaine,"(局麻药)"
combretastatin,"(抗肿瘤药)"
polyglycolide,"(外科材料)"
polydioxanone,"(可吸收的外科缝合线材料)"
policapram,"(药用辅料)"
Brij76,"(表面活性剂)"
ferropolimaler,"(抗贫血药)"
NeuroBloc,"(生物制品)"
"Falkamin(含蛋白质、支链氨基酸、维生素、微量元素)","(保肝药)"
Gastrimmune,"(生物制品)"
"Tisacid(含碱式碳酸镁铝)","(抗酸药)"
Vervillin,"(抗溃疡病药)"
Anatrast,"(诊断用药)"
protochylol,"(平喘药)"
quiloflex,"(解痉药, 肌松药)"
glim,"(Gardinol型去垢剂)"
resibufogenin,"(强心药)"
fosfluconazole,"(抗真菌药)"
"TruSopt(2%盐酸多佐胺溶液)","(抗青光眼药)"
sunepitron,"(抗焦虑药,抗抑郁药)"
"Soolda(含盐酸黄酮哌酯)","(解痉药)"
"Zocor(含simvastatin)","(降血脂药)"
Gastrocrom,"(肥大细胞增生治疗药)"
Prosom,"(镇静催眠药)"
esaflxacin,"(喹诺酮类抗菌药)"
ersentilide,"(抗心律失常药)"
"Eyebrex(妥布霉素滴眼液)","(眼科用药)"
esonarimod,"(免疫调节药)"
Lubrol,"(非离子型去垢剂)"
"Sublimaze(含fentanyl)","(镇痛药)"
Septiphene,"(消毒药)"
Basdene,"(抗甲状腺药)"
naphthamon,"(杀虫药)"
"Surelease(乙基纤维素水分散体)","(药用辅料)"
Buphenyl,"(血氨过多治疗药)"
nirvanol,"(抗癫痫药)"
benoxafos,"(杀虫药)"
Sedral,"(镇静药,支气管扩张药)"
6-phenyl-2-thiouracil,"(抗甲状腺药)"
phenbutamide,"(降血糖药)"
phenesterin,"(抗肿瘤药)"
"Beldin(含盐酸苯海拉明)","(抗组胺药)"
inproquone,"(抗肿瘤药)"
infliximab,"(抗类风湿药)"
"Inflammide(含budesonide)","(平喘药)"
"Inleusin(含重组人白介素-2)","(抗肿瘤药)"
Uni-Dur,"(支气管扩张药)"
"raunescine(一种蛇根木生物碱)","(抗高血压药)"
Fluress,"(诊断用药)"
moctamide,"(调血脂药)"
"Modivid(含cefodizime)","(抗生素类药)"
moxidectin,"(抗寄生虫药)"
muplestim,"(造血促进药,抗中性白血胞减少药)"
moxilubant,"(白三烯受体拮抗菌药)"
Dayto-Anase,"(酶类药)"
phenaphthazine,"(pH测定剂)"
naftypramide,"(抗炎药)"
Sinron,"(补铁药)"
Sorbsan,"(伤口敷料)"
fibrolase,"(溶栓药)"
Uracid,"(皮肤科用药)"
Ca-Plus-Protein,"(补钙药)"
Homopure,"(血液代用品)"
"Cetacaine(含苯佐卡因、对氨苯甲酸丁酯、丁卡因、苯扎氯铵等)","(局麻药)"
sitamaquine,"(抗疟药)"
sizofiran,"(抗肿瘤药)"
silperisone,"(中枢性肌松药)"
Vistide,"(抗病毒药)"
seocalcitol,"(维生素类药)"
sibutramine,"(抗抑郁药,减肥药)"
ciclazindol,"(抗抑郁药)"
cirramycin,"(抗生素类药)"
cilomilast,"(抗过敏药)"
Selta,"(降血脂药)"
cericlamine,"(抗抑郁药)"
sivelestat,"(弹性酶抑制药)"
sinapultide,"(肺表面活性药)"
cinalukast,"(平喘药,白三烯拮抗药)"
nordinone,"(雌激素拮抗药)"
"NovoNorm(含repaglinide)","(降血糖药)"
nolatrexed,"(胸苷酸合成酶抑制剂,抗肿瘤药)"
Chibroxin,"(喹诺酮类抗菌药)"
norfluoxetine,"(抗抑郁药)"
bepotastine,"(抗过敏药)"
betostatine,"(抗组胺药)"
belaperidone,"(抗精神病药)"
bexlosteride,"(抗肿瘤药)"
beloxepin,"(抗抑郁药)"
"Heptodin(含lamivudine)","(抗病毒药)"
Prinivil,"(抗高血压药)"
"Xenical(含orlistat)","(减肥药)"
"seglor(甲磺酸二氢麦角胺制剂)","(抗偏头痛药)"
"Thyrozol(甲巯咪唑薄膜衣片)","(抗甲状腺药)"
"Pedenex(含辛酸、十一烯酸锌、丙酸钠)","(局部真菌药)"
Estracon,"(雌激素类药)"
Lubinol,"(润滑药)"
"Flixotide(丙酸氟替卡松气雾剂)","(肾上腺皮质激素类药)"
cinchonine,"(抗疟药)"
Zostrix,"(局部镇痛药)"
daclizumab,"(免疫抵制药)"
"Daivonex(卡泊三醇搽剂)","(抗银屑病药)"
darusentan,"(内皮素受体拮抗药)"
dacliximab,"(免疫调节药)"
dapiprazole,"(抗溃汤病药)"
"Tanakan(含银杏叶标准化萃取物)","(血管扩张药)"
dacemazine,"(解痉药,镇咳药)"
dabelitine,"(益智药)"
"Fostex(含过氧苯甲酰,EDTA,尿素)","(抗痤疮药)"
"Difnal-SR(含双氯芬酸钠)","(消炎镇痛药)"
MorfinDAK,"(镇痛药)"
nerbacadol,"(镇痛药)"
nateplase,"(溶血栓药)"
nafadotride,"(D3受体拮抗药)"
Stadol,"(镇痛药)"
"Estratab(主要含硫酸雌酮钠)","(雌激素类药)"
acylureido-penicilin,"(青霉素类抗生素)"
"Aci-Jel(含醋酸、硫酸羟喹啉、甘油等)","(妇科用药)"
acefluranol,"(抗雌激素药)"
Hydrosone,"(肾上腺皮质激素类药)"
Fluonex,"(局部用肾上腺皮质激素类药)"
Methylone,"(肾上腺皮质激素类药)"
Synarel,"(子宫内膜异位症治疗药)"
Calphron,"(补钙药)"
"Awake(含咖啡因)","(中枢兴奋药)"
rifamycin-X,"(抗结核抗生素)"
rh-hirudin,"(抗血栓药)"
goldinjection,"(放射性药品)"
gadobenate,"(磁共振成像造影剂)"
"Casec(酪蛋白钙)","(补钙药)"
Blunts,"(大麻制品)"
Moly-Pak,"(微量元素类药)"
"Endophy(含对乙酰氨基酚,盐酸伪麻黄碱等)","(抗感冒药)"
Saphlin,"(免疫增强药)"
"Zintamin(含维生素A、维生素C、维生素E和硫酸锌)","(营养类药)"
"Celontin(含mesuximide)","(抗癫痫药)"
"Genotropin(含生长激素)","(激素类药)"
Iosopan,"(抗酸药)"
"Loniten(含minoxidil)","(抗高血压药)"
Alendros,"(血钙调节药)"
avasimibe,"(调血脂药)"
acreozast,"(抗过敏药)"
alitame,"(甜味剂)"
allylthiourea,"(外科用药)"
Aspergum,"(解热镇痛药)"
Magan,"(镇痛药)"
alpidem,"(催眠镇静药)"
anisperimus,"(免疫抑制药)"
abaperidone,"(抗精神病药)"
abarelix,"(促性腺激素释放因子拮抗药)"
apaflurane,"(诊断用药)"
acitazanolast,"(抗过敏药)"
azarole,"(免疫抑制药)"
alprenoxime,"(抗青光眼药)"
atrasentan,"(内皮素受体拮抗药)"
altinicline,"(拟胆碱药)"
abitesartan,"(血管紧张素Ⅱ受体阻滞药)"
asaphan,"(抗肿瘤药)"
amelometasone,"(肾上腺皮质激素类药)"
opianine,"(镇咳药)"
Amiyu,"(氨基酸类药)"
amiloxate,"(防晒药)"
"Midamor(含amiloride)","(利尿药)"
aseripide,"(缩胆囊素受体阻滞药)"
alfentanil,"(镇痛药)"
"Amosan(含高硼酸钠)","(口腔科用药)"
Biomox,"(青霉素类抗生素)"
asimadoline,"(镇痛药)"
abetimus,"(免疫抑制药)"
anakinra,"(白介素受体阻滞药)"
Evacet,"(抗肿瘤药)"
Defibrase,"(抗血栓药)"
estrapronicate,"(雌激素类药)"
Climara,"(雌激素类药)"
"Letrox(含左旋甲状腺素钠)","(激素类药)"
rathyronine,"(甲状腺激素类药)"
fepromide,"(抗心律失常药)"
"starch,pregelatinized","(药用辅料)"
"Pentasa(含mesalazine)","(溃疡性结肠炎用药)"
myrtol,"(祛痰药)"
mazokalim,"(钾通道激活药)"
Sanorex,"(食欲抑制药)"
Urex,"(抗感染药)"
Chestamine,"(抗组胺药)"
Venstat,"(抗组胺药)"
maribavir,"(抗病毒药)"
marimastat,"(抗肿瘤药)"
homopipramol,"(抗抑郁药)"
ruplizumab,"(免疫调节药)"
maltodextrin,"(药用辅料)"
ergobasine,"(子宫兴奋药)"
erysimoside,"(强心药)"
Melacine,"(抗肿瘤药)"
"Deanxit(含氟哌噻吨)","(抗精神病药)"
"Nasalide(含flunisolide)","(鼻内用药)"
"行政职业能力测验","(Administrative Aptitude Test) 的简称"
"囗",(
"womanly,","(same as 姶 ancient form) exquisite; fine, used in girl’s name, clever; bright; nimble, cute; lovable"
"移",(
"觚",(
"軝",(
"鉶",(
"王顾左右而言他",(
"止",(
"爫",(
"充行家",(
"长陵","(成祖) 、献陵 (仁宗) 、景陵 (宣宗) 、裕陵 (英宗) 、茂陵 (宪宗) 、泰陵 (孝宗) 、康陵 (武宗) 、永陵 (世宗) 、昭陵 (穆宗) 、定陵 (神宗) 、庆陵 (光宗) 、德陵 (熹宗) 、思陵 (思宗)"
"据《后汉书‧逸民传‧向长》载：向长","(嵇康《高士传》作“尚长”) 隐居不仕，“男女娶嫁既毕，敕断家事勿相关”，于是与同好“俱游五岳名山，竟不知所终”。后遂以“毕娶”为办完子女婚事，避世优游的典故。"
"谬",(
"1951年，美国国会通过了《巴特尔法案》","(通称《禁运法案》) ，明令“巴统”成员如向“共产主义国家”出口禁运物资，均被取消受美国军事、经济和财政援助的资格。"
"天长",(
"名)",(
checkers,"(board and pieces for go 围棋 or Chinese chess 象棋 etc)"
Lesbos,"(Greek island in the Aegean Sea 爱琴海\"
Lepidoptera,"(insect order including butterflies 蝶类 and moths 蛾类)"
"又叫贾公亭，杭州西湖名胜之一，唐朝贾全所筑。唐贞元","(公元785～804年) 中，贾全出任杭州刺史，于钱塘潮建亭。人称“贾亭”或“贾公亭”，该亭至唐代末年。 据《唐语林》卷六载，贞元中，贾全任杭州剌史时，曾在西湖造亭，杭人称其为贾公亭，未五六十年后废。诗句“孤山寺北贾亭西，水面初平云脚低。”提到过此地。"
"明教历代相传的一门最厉害的武功，只有教主方可修炼。其根本道理也并不如何奥妙，只不过先要激发自身潜力，然后牵引挪移，但其中变化神奇，却是匪夷所思。",(
"四川方言中“垰垰”指角落，如垰垰角角","(kākaguǒguo) 。山垰垰，指大山深处；乡垰垰，指乡下。均略含贬义，谓闭塞、贫穷。"
"马天民，抗日烈士，马耀南、马晓云之三弟，长山县三区北旺庄","(今淄博市周村区张坊乡北旺庄) 人。"
(1),"(形声。 从竹, 毕声。 本义: 用竹子编成的篱笆)"
ANZUS,"(Australia, New Zealand and the United States) （澳大利亚、新西兰、美国）"
Borel,"(Emile, 1871.1.7-1956.2.3, 法国数学家）"
Braille,"(Louis, 1809-1852, 法国发明家）"
Whitehead,"(Alfred North, 1861-1947, 英国哲学家、数学家）"
Hall,"(Edwin Herbert, 1855-1938，美国物理学家）"
monkey,"(熔化少量玻璃用的)"
Raman,"(Sir Chandrasekhara Venkata, 1888-1970, 印度物理学家，曾获1930年诺贝尔物理学奖，现译名“拉曼”）"
lumut,"(用作关岛人食物的海草)"
saran;,"(英) Celon （耐纶 6 纤维）"
setula,"(pl. setulae) （鬃毛）"
meseta;,"(西) mesilla; mesita"
"同“疙瘩”","(gē da)"
lido,"(意)"
konze,"(赞)"
jimping,"(英)"
mugget,"(英方)"
renguera,"(秘鲁)"
creepy-crawly,"(英;几)"
boating,"(水翼艇或气垫船)"
strand,"(用于预应力混凝土中)"
crew-space;,"(英) lower deck"
pig,"(主苏格兰)"
valloni,"(意)"
salachicni,"(意) (苏)"
varzea,"(巴西)"
rillenstein,"(德)"
Upstate,"(美) （州的北部地区，尤指纽约州的北部）"
origami,"(日)"
"宋公栾即宋国国君宋景公，周敬王四年","(公元前516年) 即位，卒于周贞定王十八年 (公元前451年) 。宋国为子姓，开国之君是商纣王的庶兄微子启。"
tricyclopentadienyl-isopropoxyuranium,"(环戊二烯)"
triplexing,"(冶金的)"
curtate,"(生命统计中年龄的)"
tretamine,"(抗肿瘤药)"
regrind,"(重新研磨)"
dinosam,"(除草剂)"
cross-partition,"(指管理数学)"
loco,"(商品市场术语)"
manway,"(坑道里的)"
Krupp-Konzern,"(德国)"
endodyke,"(岩脉)"
headpin,"(九柱戏的)"
chemocline,"(化跃面)"
"kcal／s","(热功率单位)"
Borazon,"(人造亚硝酸硼高硬度研磨材料)"
sucking,"(窑具吸取釉中挥发性成份)"
grasswork,"(英国采矿)"
monolith,"(两条伸缩缝间的)"
Servofrax,"(三硫化二砷透红外材料)"
evolute,"(渐曲线)"
platter,"(通常为椭圆形)"
Nemag,"(负有效质量放大器与振荡器)"
nicorros,"(合金)"
Zodiac,"(电阻合金)"
Paranox,"(一种润滑油多效添加剂)"
gimbal,"(罗盘的)"
microtorr,"(10-6托,压强单位)"
macrocinematography,"(超近摄技术)"
hand-lifting,"(甜菜)"
notches,"(控制器的)"
Micasin,"(杀螨剂)"
Shin-Sanbetsu,"(日本)"
aerocurve,"(飞机)"
knotting,"(木节眼做刮油处理，以便油漆)"
Dumet,"(铁镍合金)"
Grandagon,"(德国的105度广角镜头)"
studding,"(焊前的)"
nosed,"(送轧坯料的)"
sphenoclase,"(辉石与石榴石混合物); sphenoclase (辉石与石榴石混合物)"
herapathite,"(二向色性合成晶体)"
chaos,"(断乱岩)"
under-enumeration,"(统计)"
heat-sealer,"(塑料)"
malmstone,"(铺路用); malmstone (铺路用)"
autogeosyncline,"(自拗地槽)"
RCT,"(ristocetin) (抗生素)"
gecalloy,"(一种合金)"
nitrotrimethylolmethane,"(羟甲基甲烷)"
COMIT,"(编译程序语言)"
Oryzon,"(杀菌剂)"
dummied,"(无压下轧制的)"
cannon,"(家畜)"
Nasa,"(导电玻璃)"
nanoperm,"(材料透气率单位=10-9普姆)"
Nervanase,"(退浆酶)"
above-the-line,"(英国预算中的经常性项目)"
Neolite,"(耐磨合成橡胶化合物)"
festoon,"(冰缘)"
egg-shelling,"(釉面缺陷)"
alligatoring,"(轧制表面的)"
hyperthermic,"(土温的)"
Dynel,"(美国一种合成纤维商标名)"
shutout,"(航运)"
combinator,"(水力透平机)"
resoiling,"(河渠库底植草防冲的)"
couching,"(白内障手术方法之一)"
anchoring,"(位错的)"
mo(u)ld-box,"(翻砂用)"
marinada,"(西班牙卡塔尼亚一种海风)"
marenco,"(意大利马乔列一带东南风)"
Machnozzle,"(超音速喷气脱水装置)"
High-Tech,"(在建筑造型风格上着重表现高度生产技术)"
Rossellian,"(stage) (地平海)"
Zircopax,"(锌,锡 ,硅质乳浊剂的商品名)"
"还能再说什么话呢！","(表示感慨很深。)"
"云时代就是云计算时代，云计算","(Cloud Computing) 是分布式处理 (Distributed Computing) 、并行处理 (Parallel Computing) 和网格计算 (Grid Computing) 的发展，或者说是这些计算机科学概念的商业实现，这将是一个时代的来临。"
stubborn,"(头痛阵作，有时难以忍受）"
"“公司僵局”","(corporate deadlock) 是指公司在存续运行中由于股东、董事之间矛盾"
"妖孽：妖魔鬼怪。国家将要灭亡必定有某种征兆。也作“国之将亡，必有妖孽”。","(When a country is about to perish, there are bound to be omens of evil fortune)"
"根据军事需要由民兵进行的侦察。通常由人民武装部门或民兵指挥员组织。主要组织形式有民兵侦察分队、民兵观察所、民兵观察哨、渔业民兵侦察船","(轮)和民兵情报网等。"
"反映战斗力强弱的相对数。分为单件武器战斗力指数","(亦称武器指数) 和兵力战斗力指数(亦称综合战斗力指数）。单件武器战斗力指数是在武器火力指数基础上考虑机动能力、生存能力等因素而得的指数。兵力战斗力指数，须考虑作战环境、作战对象、作战样式、指战员素质、战略战术等因素影响，通常以火力指数为基础，采用线性加权求和或运用其他方法求得。"
AECC,"(Aero Engine Corporation of China/中国航发商发招聘)"
"横山桥镇","(常州)"
"温溪镇","(丽水市青田县)"
"改投特朗普",(
DMV,"(department of motor vehicles) (abbr. for 公安局交通管理局车辆管理所)"
Sony,"(former name of the company used prior to 2009 in some markets including Taiwan, Hong Kong and Singapore, now replaced by 索尼\"
BBC,"(abbr. for 英国广播公司\"
Melbourne,"(slang alternative for 墨尔本\"
"休",(
"府",(
"删",(
detestable,"(wordplay based on 神憎鬼厌\"
"骆驼趾”","(camel toe) 是一个俚语，用来形容女性穿着紧身裤时，阴部轮廓因裤子过于贴身而显现出来的形状，看起来像骆驼的脚趾"
"你妈死了",(
"坦",(
"灵",(
"室宿",(
"或挫或隳",(
"任土",(
"有话望他说",(
"望川竞注",(
"叠",(
"蕴",(
"匮",(
"晚食当肉，安步当车",(
"君实欲天下之治而恶",(
"蹈难",(
"磊",(
"陆詟水栗",(
"喜气盈盈",(
"僖",(
"倨",(
"绵络天地",(
"皆",(
"畜君者好",(
"再作他",(
"圊",(
"帼",(
"把窗户下下来",(
"折",(
"所由生",(
"衣食仰给",(
"郡",(
"都骑",(
"那儿",(
"哪儿",(
"邸华叶",(
"准",(
"话犹未了",(
"綷云盖而树华旗",(
"竿摩车",(
"论解经传",(
"廨",(
"斗分子",(
"为叛逆，并非长",(
"应在战犯之列",(
"久别重",(
"一种锥形的卵生螺",(
"旌旗卷",(
"礼备乐",(
"游夏",(
"学孔好孟",(
"对股劈",(
"时日曷丧?",(
"孔子时其亡",(
"高门县",(
"投翰长",(
"昭乌达",(
"闹土匪",(
"他们少",(
"发彼有的",(
"有萋有且",(
"肴",(
"遗补",(
"愠饱而外，他",(
"喘",(
"需给",(
"至二十轮车",(
"通监纲目",(
"毋桐好",(
"摘齐行",(
"真把人调",(
"百两御",(
"这工作得",(
"房星",(
"岣嵝",(
"徘体",(
"汤",(
"禾易长",(
"载衣",(
"众恶",(
"鹰饱不拿兔",(
"不见子都，乃见狂且",(
"穷乐",(
"拂其恶",(
"饬力以长",(
"不知道",(
6,"(子数): 8 (母数) = 0,75 (成数)"
"虎虓",(
"撅",(
"欶",(
"大年底下",(
"蹊",(
"腠",(
"镞",(
"保",(
"緥",(
"结重",(
"莱乐",(
"裸",(
"拣",(
"东洋汽船会社",(
"无康好",(
"隈",(
"展开部",(
"环缪公之车",(
"把头发养长",(
"他又走了另外一行",(
"起始两手不知放到哪",(
"屣",(
"在这些草里也能寻着",(
"敦万骑",(
"从堥敦而度",(
"微爱属",(
"有复于王者",(
"随时衣",(
"七步八叉",(
"入长江",(
"这个文件不知入到哪里",(
"文王既没",(
"文之以礼乐",(
"(忤)",(
"道家蓬莱山",(
"非长",(
"无用吾之所短遇人之所长",(
"我迭不得说",(
"鑹",(
"秖",(
"身衣",(
"其车",(
"訹",(
"比乐",(
"什么名字呢？那",(
"驼峰编组场",(
"罢",(
"窃为",(
"中绳",(
"屯余车",(
"年四十而见恶",(
"挽",(
"不要着慌",(
"这项菜有合我的气口",(
"你几岁?",(
"几为",(
"以农为乐",(
"其弟",(
"君朝",(
"以吾一日长",(
"佥",(
"太子宾客",(
"赖债不还",(
"拿一把钻",(
"天下欲为",(
"这片子上过",(
"他着",(
"洞酌彼行",(
"妾不衣",(
"富人则车舆衣",(
"人少",(
"父为",(
"醷",(
"总是得",(
"然而不王",(
"这是从那篇",(
"兹用",(
"蚡",(
"知与物接而好",(
"南朝宋文帝刘义隆的年号","(公元422-453年)"
"也作""骨笃""。","(嘴)向前突出; 撅着"
tritoqualine,"(抗组胺药)"
triaziquone,"(抗肿瘤药)"
triad,"(表示八进制的二进制形式)"
tricaine,"(鱼麻醉药)"
sediston,"(强安定药)"
triflupromazine,"(安定剂)"
tricylatate,"(抗消化性溃疡药,抗胆碱性)"
trimal,"(抗惊厥药)"
trocimine,"(抗抑郁药)"
tetryl,"(用作炸药或弹药)"
syntubin,"(肌松药)"
feathering,"(装饰用)"
undecipherable,"(密码)"
urial,"(一种产于亚洲南部的红褐色野绵羊)"
arolanna,"(膜翅目昆虫), arolella, arolia, pelottae"
crepis,"(金龟子幼虫)"
transit,"(机场内的)"
deviation,"(个体发育)"
interfix,"(软件)"
vulcacel,"(发泡剂)"
tranquerone,"(抗心绞痛药)"
vinylbital,"(安眠药)"
dilemma,"(逻辑学), dilemma reasoning"
pentomer,"(病毒)"
Kuremona,"(商品名)"
pick-at-will,"(双侧多梭箱织机的)"
Isceons,"(一系列碳的氟氯化物)"
fimbrium,"(噬菌体)"
index,"(用于程序设计)"
cernuous,"(植物的花), nutant"
roc,"(电导率单位)"
rom,"(电导率单位)"
crith,"(气体质量的单位)"
almain,"(癣药)"
troffer,"(荧光灯)"
decilog,"(压强单位)"
trimscript,"(软件)"
baichol,"(利胆药)"
strickle,"(铸工的)"
strike,"(门窗的)"
puncture,"(皮肤等的)"
sotradecol,"(治疗静脉曲张药)"
kip,"(质量单位)"
half-circuit,"(一条单向信道)"
uniset,"(一种远程输入输出机)"
karus,"(治痢疾和肠溃疡出血等症)"
kalagua,"(南美产,治疗肺结核)"
flattener,"(阅读纸的)"
amicholin,"(降压药)"
trivastal,"(周围血管扩张药)"
visitational,"(鸟兽等)"
action,"(乐器的)"
stomatotheca,"(蛹)"
stadacain,"(局麻药)"
holopolar,"(等离子体装置)"
recurvature,"(植物的)"
hartley,"(信息量单位,等于３．３２３比特)"
asthremedin,"(治变态反应性病药)"
drone,"(发动机)"
dot,"(窑具)"
geosmins,"(放线菌)"
tradon,"(治疗脑功能轻微失调药)"
beaumontage,"(填木孔用的树脂胶泥)"
megasclere,"(海绵)"
frisket,"(平压机用)"
oxypertine,"(抗精神病药)"
if-then,"(软件)"
mho,"(电导、导纳和电纳的单位), reciprocal ohm"
prospectus,"(英)"
tamoxifen,"(抗雌激素)"
anthallan,"(抗组胺药,治枯草热)"
Anavor,"(聚酯纤维)"
kneehole,"(写字台下)"
Mic,"(电感单位的名称)"
abradant,"(试样磨损试验的)"
perveance,"(电子管)"
Nirlon,"(耐纶６纤维)"
Nivion,"(聚酰胺纤维)"
uredepa,"(抗肿瘤药)"
decalage,"(飞机)"
bakisum,"(丝经棉纬,手工色织条子斜纹绸)"
flake,"(纤维素塑料)"
foulbrood,"(蜜蜂)"
librarian,"(使用操作系统程序)"
underserrated,"(动刀片)"
poncelet,"(功率的一种公(米)制单位)"
keraphen,"(四碘酚酞钠造影剂)"
methoserpidine,"(降压药)"
up-grinding,"(砂轮与工件)"
norethynodrel,"(孕激素)"
karri,"(一种澳洲硬木)"
flaxedil,"(一种肌肉弛缓药)"
barye,"(气压单位), microbar"
attosecond,"(等于１０!-１８秒)"
microculture,"(细胞)"
drex,"(纺织工业中使用的单位)"
coenanthium,"(用于菊科)"
handie-talkie,"(士兵或消防队员等用)"
heel,"(步枪的)"
stylus,"(汉字输入用)"
mudguard,"(鞋上的)"
strap-down,"(惯性导航系统)"
gig,"(捕鱼用)"
fallacy,"(逻辑上的)"
patch,"(由音符和时值组成的一个序列,用于润饰某一特定的乐器)"
bronchospirometry,"(肺活量测定法)"
modify,"(用变音符号)"
splicer,"(纸带机的)"
stat,"(放射性单位)"
gyro-frequency,"(在电离层中)"
anhydrone,"(强干燥剂)"
Niplon,"(耐纶６６纤维)"
sombrevin,"(静脉麻醉药)"
pragibert,"(磁通势单位)"
mall,"(打桩等用), maul"
boardfoot,"(１英尺方１英寸厚)"
serch,"(约等于０．７１立方米)"
benz,"(速度单位)"
rhabdite,"(寄生蠕虫), rhabdoid, rhabdus"
heath,"(荒原上的)"
mould,"(富于腐殖质的)"
facet,"(槽间凸出的平面竖线脚)"
pillar,"(如水柱、石柱、气柱等)"
mattress,"(用以护堤的)"
iroko,"(生长于中非)"
wabbler,"(轧钢机用)"
fascine,"(护堤岸用)"
bazon,"(英)"
anthemion,"(古希腊建筑), palmette"
elevator,"(木材)"
tipping,"(毛皮)"
Pezograph,"(陨石上的)"
tribodine,"(驱肠虫药)"
triazure,"(治牛皮癣药)"
azabon,"(中枢兴奋剂)"
sordenac,"(安定药)"
symclosene,"(局部抗感染药)"
turgasept,"(杀菌药)"
isograph,"(解微分方程用), rooter"
Cibachrome,"(商品名,银染料漂白法彩色感光材料)"
turbary,"(在公地或他人土地上的)"
mortise,"(印版上的)"
osmole,"(重量克分子渗透压浓度和体积克分子渗透压浓度的单位), osm"
hoodmo(u)ld,"(拱上的)"
refiner,"(石油、砂糖等的)"
Acrylofume,"(杀虫剂)"
burgee,"(船上的)"
trial-bil,"(利胆药)"
Annulaceae,"(植物病毒)"
pearl,"(如泪珠,露珠或皓齿)"
vac,"(压强单位)"
amicine,"(垂体后叶)"
trest,"(平滑肌松驰剂)"
azala,"(治早泄药)"
tricandil,"(抗真菌、抗原虫抗生素)"
cunit,"(材积单位)"
strapping,"(包装加固用)"
tremaril,"(平滑肌松驰药)"
eye-end,"(望远镜)"
reach,"(运河两闸门之间的)"
prospect,"(待检验的)"
nitroxynil,"(抗寄生虫药)"
trolone,"(抗惊厥药)"
sulglicotide,"(抗消化性溃疡药)"
vaskulat,"(血管扩张药)"
sympametin,"(中枢兴奋药)"
trivaline,"(抗病毒药)"
receiver,"(公用电话的)"
scybalum,"(肠内)"
tyrimide,"(抗胆碱药)"
urefibrate,"(降血脂药)"
idleness,"(机器的), idleness"
toise,"(长度单位,约等于１．９５米)"
fluing,"(厚墙的)"
fathom,"(矿柱材层积单位；等于６立方英尺)"
conformity,"(曲线的), degree of conformity"
trillionth,"(英、德)"
meal,"(谷类或豆类的)"
hawser,"(供系船,下锚用)"
stringer,"(铁路桥的)"
Venecron,"(聚酯纤维)"
network,"(如公路网,运河网,铁路网), reticular system"
Maycoustic,"(商品名)"
tran-Q,"(止吐药)"
solvoteben,"(抗结核药)"
polyhead,"(噬菌体)"
spasmium,"(解痉药)"
recoverable,"(债务等)"
mask,"(船下水时用)"
ticker,"(新闻等的)"
sulthiame,"(抗惊厥药)"
sudoxicam,"(抗炎药)"
sulindac,"(消炎镇痛解热药)"
Flora,"(小行星８号)"
succatoon,"(低档杂色棉布)"
treosulfan,"(抗肿瘤药)"
aspamin,"(平滑肌解痉药)"
antimeran,"(中枢兴奋药)"
tazoline,"(清毒药)"
Surecide,"(杀虫剂)"
acremeter,"(耕地)"
asthmarette,"(镇静药)"
succus,"(植物的)"
Monotype,"(商标名)"
Vistralan,"(变性粘胶纤维)"
apiderm,"(王浆制剂)"
resedrex,"(降压药), reserpine"
aroloidea,"(半翅目昆虫)"
forwarding,"(折页后的)"
torso,"(无头和四肢的)"
siffanto,"(亚德里亚海的西南风)"
pound,"(走失或无照家畜的)"
interpreter,"(用于卡片穿孔操作)"
manager,"(法院为债权人利益指定的)"
jalap,"(泻药)"
subplatform,"(金属楼梯的)"
phalanx,"(昆虫)"
agility,"(包括加速度,爬坡能力,转变半径,操纵稳定性,倾翻角等)"
velocipede,"(维修铁路等用)"
Albolineum,"(杀虫剂)"
syndrox,"(中枢兴奋药)"
ruffling,"(细胞)"
hypersensitization,"(摄影)"
alphozone,"(防腐药)"
bidder,"(投标)"
Dowtherm,"(商标名,一种换热剂)"
strongid,"(广谱驱肠虫药)"
trichonovo,"(抗滴虫药), trichoral, trinex"
reconstruction,"(影象等的)"
aurelia,"(蝶)"
bort,"(研磨拉模用)"
peg,"(脱粒滚筒)"
perminvar,"(高导磁率合金,含镍２５％；铁３)"
apestrin,"(成药,含促性腺激素)"
acthar,"(一种促肾上腺皮质素)"
orazamide,"(治肝炎药)"
alma,"(双斜纹)"
anilana,"(聚丙烯腈系纤维)"
Anidex,"(化学纤维族名)"
Accupin,"(位置检测器)"
artron,"(一种人造神经元)"
Acelba,"(乙酰化粘胶纤维)"
Avicolour,"(纺前原液染色的醋酯纤维或粘胶纤维度)"
Avlin,"(粘胶短纤维)"
Artilana,"(蛋白质化粘胶纤维)"
Argentea,"(有光粘胶长丝)"
nibs,"(生丝疵点)"
nullator,"(一种两端子元件)"
haberdasher,"(英)"
rebecca,"(飞机询问应答器)"
cerata,"(软体动物)"
non-congression,"(染色体的)"
non-interchangeability,"(熔断器的)"
pew,"(教堂)"
camp-on,"(空闲时连接)"
strobotron,"(有控制栅的冷阴极充气管)"
cran,"(鲜鲱鱼计量单位)"
monothioglycerol,"(药用辅料)"
Oysco,"(补钙药)"
buthiopurin,"(抗肿瘤药)"
butoxycaine,"(局麻药)"
folescutol,"(毛细血管保护药)"
azacyclotin,"(杀虫药)"
kaempferol,"(镇咳药)"
troxypyrrole,"(抗高血压药)"
triclacetamol,"(解热镇痛药)"
Tricosal,"(解热镇痛药)"
thioquinox,"(杀泱虫药, 杀疥虫药, 杀真菌药)"
"Trizyme(含淀粉酶、蛋白酶和纤维素酶)","(酶类药)"
Matulane,"(抗肿瘤药)"
valrocemide,"(抗癫痫药)"
Depakene,"(抗癫痫药)"
Duragen,"(雌激素类药)"
tofranazine,"(抗抑郁药)"
Mutamycin,"(抗肿瘤生素类药)"
"Neuthione(含glutathione)","(眼科用药)"
"Osteoform(含氨基酸螯合钙、氨基酸螯合铜、氨基酸螯合锰等微量元素和维生素D3)","(营养类药)"
"Loxonin(含loxoprofen)","(消炎镇痛药)"
etilevodopa,"(抗震颤麻痹药)"
efletirizine,"(抗组胺药)"
antiradon,"(中枢兴奋药)"
Cetazol,"(抗惊厥药)"
clogestone,"(孕激素类药)"
Basa,"(解热镇痛药)"
acesulfame-K,"(甜味剂)"
acetylmethionine,"(氨基酸类药)"
Mg-Oroate,"(补镁药)"
nisin,"(抗菌药)"
Vanceril,"(肾上腺皮质激素类药)"
Protabolin,"(雄激素类药)"
technetiumdimercaptosuccinate,"(放射性药品)"
dihydropropyridine,"(钙拮抗药)"
"silica,dental-type","(辅料)"
diaveridine,"(抗球虫药)"
Disotat,"(肝病用药)"
dioxybenzone,"(防晒药)"
dideoxyinosine,"(抗病毒药)"
bisphosphonates,"(高钙血症治疗药)"
methylenedioxyamfetamine,"(中枢兴奋药)"
octylnitrite,"(抗心绞痛药)"
"Amaryl(格列美脲片剂)","(降血糖药)"
Prolease,"(生长激素类药)"
rayon,"(外科用品)"
taludipine,"(血管扩张药)"
talampanel,"(AMPA受体阻滞药)"
targinine,"(一氧化氮合成酶抑制药)"
talnetant,"(神经激肽受体拮抗药)"
tazadolene,"(镇痛药)"
tasuldine,"(粘液溶解药)"
Bassa,"(杀虫药)"
irampanel,"(AMPA受体拮抗药)"
itameline,"(拟胆碱药)"
itavastatin,"(降血脂药)"
ivarimod,"(免疫调节药)"
ibogaine,"(抗抑郁药)"
incadronate,"(抗骨质疏松症药)"
ipenoxazone,"(NMDA受体阻滞药)"
idremcinal,"(胃动素类激动药)"
ipamorelin,"(垂体激素释放兴奋药)"
igovomab,"(诊断用药)"
israpafant,"(血小板激活因子拮抗药)"
ipsapirone,"(抗焦虑药)"
iloperidone,"(抗精神病药)"
ilomastat,"(抗肿瘤药)"
iminophenimide,"(催眠镇静药)"
inogatran,"(凝血酶抑制药)"
Urocalun,"(尿道结石用药)"
eukadol,"(镇痛药)"
"Rantudil(含acemetacin)","(消炎镇痛药)"
Myfedrine,"(减充血药)"
Defed,"(减充血药)"
"Permixon(塞润榈固醇脂提取物)","(前列腺增生治疗药)"
"Tegison(含etretinate)","(抗银屑病药)"
eupatorin,"(催吐药)"
"Gelofusine(含琥珀明胶(平均分子量30000)","(血容量补充药)"
eptapirone,"(抗焦虑药)"
etarotene,"(角质层分离剂)"
ictasol,"(消毒药)"
elinafide,"(抗肿瘤药)"
"Imdur(单硝酸异山梨酯缓释片剂)","(抗心绞痛药)"
eniporide,"(抗心肌梗塞药)"
epalon,"(抗癫痫药)"
exisulind,"(肠息肉治疗药)"
eletriptan,"(5-羟色胺受体激动药,抗偏头痛药)"
technetiumexametazime,"(放射性药品)"
ezlopitant,"(神经激肽受体拮抗药)"
ecenofloxacin,"(喹诺酮类抗菌药)"
evernimicin,"(抗生素药)"
ecamsule,"(防晒药)"
efepristin,"(抗菌药)"
baycarb,"(杀虫药)"
Thyrogen,"(甲状腺癌诊断用药,激素类药)"
"Nitrolingual(含硝酸甘油)","(抗心绞痛药)"
"Dyskinebyl(含dihydroxydibutylether)","(胆道疾病治疗药)"
betadex,"(药用辅料)"
betacarotene,"(防晒药)"
bestatin,"(氨肽酶抑制剂)"
"Basen(含voglibose)","(降血糖药)"
"Gemzar(盐酸吉西他滨注射剂)","(抗肿瘤药)"
carbofuran,"(杀虫药)"
crisamicin,"(抗生素类药)"
crisnatol,"(抗肿瘤药)"
clostomicin,"(抗生素类药)"
perflexane,"(超声造影药)"
perflisopent,"(超声造影剂)"
Oxygent,"(携氧药)"
lanproston,"(前列腺素类药)"
landiolol,"(β受体阻滞药)"
Prevacid,"(质子泵抑制药)"
netaglinide,"(促胰岛素分泌药)"
Autrinic,"(B12吸收促进剂)"
"Zailin(阿莫西林制剂)","(青霉素类抗生素)"
dronedarone,"(抗心绞痛药)"
vangatalcite,"(抗酸药)"
"VePesid(含etoposide)","(抗肿瘤药)"
"Caverject(含前列腺素E1)","(勃起障碍治疗药)"
"Cheracol(含磷酸可待因、愈创甘油醚和乙醇)","(镇咳祛痰药)"
Traumel,"(复方植物性消炎止痛药)"
ripisartan,"(血管紧张素Ⅱ受体阻滞药)"
licostinel,"(NMDA受体拮抗药)"
Dermaflex,"(局麻药)"
linezolid,"(唑烷酮类抗菌药)"
risarestat,"(醛糖还原酶抑制药)"
lirequinil,"(苯二氮卓受体激动药)"
Rimactane,"(抗结核抗生素)"
"Glucotrol(含glipizide)","(降血糖药)"
lisofylline,"(免疫调节药)"
ridazine,"(抗精神病药)"
Nyotran,"(抗真菌药)"
delprostenate,"(前列腺素类药)"
"Rilutek(含riluzole)","(抗肌萎缩侧束硬化症药)"
"Lipovenos(含脂肪乳)","(营养类药)"
galdansetron,"(5-羟色胺拮抗药)"
ganaxolone,"(5-羟色胺受体激动药)"
galardin,"(角膜溃疡治疗药)"
cymarin,"(强心药)"
pidotimod,"(免疫调节药)"
pifonakin,"(免疫调节药)"
pimobendan,"(强心药)"
pinokalant,"(钾离子通道阻滞药)"
cleistanthin-B,"(升白细胞药)"
cucurbitine,"(抗寄生虫药)"
"Eapidil(含naftopidil)","(抗高血压药)"
"Catalin(含pirenoxine)","(眼科用药)"
cadrofloxacin,"(喹诺酮类抗菌药)"
carbapenem,"(抗生素类药)"
carabersat,"(抗惊厥药)"
carafiban,"(纤维蛋白原受体阻滞药)"
carticaine,"(局麻药)"
Gliadel,"(抗肿瘤药)"
carbomycin,"(抗生素类药)"
camiverine,"(抗胆碱药)"
casokefamide,"(止泻药)"
molecusol-carbamazepine,"(抗惊厥药)"
lusupultide,"(肺表面活性药)"
halotrizinol,"(消毒防腐药)"
haloperidide;,"(抗精神病药)"
"Vumon(含teniposide)","(抗肿瘤药)"
"Rifinah(含利福平和异烟肼)","(抗结核药)"
raudixin,"(抗高血压药)"
"Adecut(含盐酸地拉普利)","(抗高血压药)"
Orthoform,"(局麻药)"
desmethylmoramide,"(镇痛药)"
"Zantine(含dipyridamole)","(冠脉扩张药)"
dibozane,"(肾上腺素能阻滞药)"
dihexyverine,"(解痉药)"
"Hydro-Diuril(含hydrochlorothiazide)","(利尿药)"
"Marthritic(含salsalate)","(消炎镇痛药)"
Artha-G,"(镇痛药)"
"Cyclogen(含盐酸双环维林和三氯叔丁醇水合物)","(解痉药)"
manvene,"(抗肿瘤药)"
diiodothymol,"(消毒防腐药)"
hermophenyl,"(抗菌药)"
diginatin,"(强心药)"
Flustat,"(生物制品)"
Pseudostat,"(生物制品)"
Macrulin,"(降血糖药)"
Prepodyne,"(局部消毒防腐药)"
dextroindobufen,"(消炎镇痛药)"
dexpemedolac,"(镇痛药)"
Imferon,"(补铁药)"
dextiopronin,"(消炎药)"
stacofylline,"(益智药)"
"Spara(含sparfloxacin)","(抗菌药)"
seprilose,"(抗风湿病药)"
Span-20,"(药用辅料)"
Span-80,"(药用辅料)"
gemtuzumab,"(免疫调节药)"
pirazofurin,"(抗肿瘤药)"
piclamilast,"(抗过敏药,平喘药)"
toprilidine,"(α受体阻断药)"
pimecrolimus,"(免疫抑制药)"
Thrombinar,"(局部止血药)"
Tesogen,"(雄激素类药)"
Biodine,"(消毒防腐药)"
Lanoline,"(药用辅料)"
"Wydora(含indoramin)","(抗高血压药)"
indoxifene,"(抗肿瘤药)"
Helistat,"(止血药)"
furazidin,"(抗菌药)"
fuladectin,"(抗寄生虫药)"
"Holoxan(含ifosfamide)","(抗肿瘤药)"
"Cafergot(含咖啡因和酒石酸麦角胺)","(抗偏头痛药)"
imidaprilat,"(抗高血压药)"
pindone,"(杀鼠药)"
harmine,"(中枢兴奋药)"
pibutidine,"(H2受体阻滞药)"
piperacetam,"(脑功能改善药)"
piboserod,"(5-HT受体拮抗药)"
perifosine,"(抗肿瘤药)"
perospirone,"(抗精神病药)"
"Sabril(含vigabatrin)","(抗癫痫药)"
"Simagal(含氢氧化铝、氢氧化镁和西甲硅油)","(抗酸药)"
pentafuside,"(抗病毒药)"
pentastarch,"(红细胞沉降剂)"
"Nipent(含pentostatin)","(抗肿瘤药)"
indiumpentetreotide,"(诊断用药)"
Techneplex,"(诊断用药)"
tidiacic,"(保肝药)"
Scotrex,"(抗生素类药)"
dicarbine,"(抗精神病药)"
Dalgan,"(镇痛药)"
denileukin,"(抗肿瘤药)"
deracoxib,"(环氧酶抑制药)"
Dynabac,"(抗生素类药)"
diphemin,"(抗胆碱药)"
decitabing,"(抗肿瘤药)"
Dizac,"(抗焦虑药)"
denofungin,"(抗真菌药)"
dynamine,"(解痉药)"
peldesine,"(抗肿瘤药)"
pegmusirudin,"(抗凝血药)"
"Azelex(含壬二酸、甘油、苯甲酸等)","(抗痤疮药)"
"Cotazym(含胰脂肪酶、蛋白酶、淀粉酶和碳酸钙)","(消化酶类药)"
Thyrolar,"(甲状腺激素类药)"
"Triostat(含liothyronine、ammonia、alcohol)","(粘液性水肿昏迷防治药)"
donitriptan,"(抗偏头痛药)"
Regutol,"(缓泻药)"
Lypholyte,"(电解质补充药)"
"Dormicum(含midazolam)","(安眠药)"
PolyHeme,"(血液替代品)"
Talon,"(杀鼠药)"
asparaginase,"(抗肿瘤药)"
Mudd,"(清洁剂)"
Parkelp,"(补碘药)"
Cefotan,"(头孢菌素类抗生素)"
Nitrocefin,"(头孢菌素类抗生素)"
cefmatilen,"(头孢菌素类抗生素)"
nepaprazole,"(抗溃疡病药)"
netivudine,"(抗病毒药)"
napsagatran,"(凝血酶抑制药)"
nebostinel,"(NMDA受体拮抗药)"
nemorubicin,"(抗肿瘤药)"
nemazine,"(抗炎药)"
olpadronate,"(抗骨质疏松症药)"
orazipone,"(免疫调节药)"
oteracil,"(抗肿瘤药)"
orientiparcin,"(抗生素类药)"
omiloxetine,"(抗抑郁药)"
osutidine,"(H2受体阻滞药)"
oxitriptan,"(抗抑郁药,抗偏头痛药)"
odapipam,"(抗精神失常药)"
"Medilac-Vita(含粪链球菌、枯草杆菌、乳酸钙、氧化锌和维生素)","(消化不良治疗药)"
Quik-Cept,"(诊断用药)"
"Promise(含蛋白质、脂肪、碳水化合物、多种维生素和矿物质)","(营养类药)"
antlermicin,"(抗生素类药)"
"Accolate(含zafirlukast)","(平喘药)"
"Moriamin-N(含氨基酸)","(氨基酸类药)"
amediplase,"(血栓溶解酶)"
endojodin,"(眼科用药)"
"Obedrex(含fenfluramine)","(减肥药)"
ancestim,"(细胞生长因子,抗贫血药)"
amesergide,"(5-羟色胺拮抗药)"
"Eto-lipuro(含etomidate)","(麻醉用药)"
"Methotrexat(甲氨蝶呤制剂)","(抗肿瘤药)"
Ircon,"(补铁药)"
Liquiprin,"(解热镇痛药)"
Ridenol,"(解热镇痛药)"
"PediaSure(含蛋白质、脂肪、碳水化合物、多种维生素和矿物质)","(营养类药)"
"Neptazane(含methazolamide)","(碳酸酐酶抑制剂)"
nitipenem,"(抗生素类药)"
Uricult,"(诊断用药)"
drinidene,"(镇痛药)"
"starch,topical","(撒布粉)"
drogelor,"(非甾围体抗炎药); droxicam(消炎镇痛药)"
saphenamycin,"(抗生素类药)"
Platinol,"(抗肿瘤药)"
Leunase,"(抗肿瘤药)"
"ι-dicentrine","(镇痛药)"
levormeloxifene,"(雌激素拮抗药)"
mertiatide,"(诊断用药)"
bariprazole,"(抗溃疡病药)"
basifungin,"(抗真菌药)"
bamaquimast,"(抗过敏药)"
palmatine,"(抗菌药)"
Entocort,"(肾上腺皮质激素类药)"
butorphanol,"(镇痛药,镇咳药)"
bufogenin,"(强心药)"
palinavir,"(抗病毒药)"
"Parazone(含chlorzoxazone,paracetamol)","(肌肉松弛药)"
parecoxib,"(环氧酶-2抑制药)"
panamesine,"(精神安定药)"
pamaqueside,"(降血脂药)"
doxercalciferol,"(甲状旁腺机能亢进治疗药)"
"Tothema(含葡糖酸铁和维生素B12等)","(营养类药)"
iprotiazem,"(钙通道阻滞药)"
iprozilamine,"(镇静药,安定药)"
isoxaprolol,"(β受体阻滞药)"
ipragratine,"(解痉药)"
isosulpride,"(镇吐药)"
"Nifedipin(硝苯地平缓释剂)","(抗心绞痛药)"
"Dobuject(含多巴酚丁胺)","(强心药)"
Estrace,"(雌激素类药)"
"Zipix(含xipamide)","(利尿药)"
"Minalfene(含alminoprofen)","(消炎镇痛药)"
"Stilamin(含somatostatin)","(激素类药)"
"Transmetil(含腺苷蛋氨酸)","(抗肝硬化药)"
embutramide,"(麻醉药)"
endixaprine,"(抗癫痫药,催眠药)"
ensaculin,"(益智药)"
"Cifran(含环丙沙星)","(抗菌药)"
"Videx(含didanosine)","(抗病素药)"
gallopamil,"(血管扩张药)"
Duotrate,"(抗心绞痛药)"
mandameth,"(尿路抗菌药)"
xaliproden,"(益智药)"
zanamivir,"(抗病素药)"
zafirlukast,"(抗过敏药)"
tolvaptan,"(血管加压素V2受体拮抗药)"
troparil,"(中枢兴奋药)"
"Demadex(含torasemide)","(利尿药)"
tolpronine,"(镇痛药)"
tositumomab,"(抗肿瘤药)"
iRNA-anticancer,"(生物制品)"
lagatide,"(止泻药)"
lamifiban,"(纤维蛋白原受体阻滞药)"
"Tomudex(含raltitrexed)","(抗肿瘤药)"
Baycol,"(降血(含cerivastatin)"
"Plasbumin-25(含25%人正常血清白蛋白)","(血容量补充药)"
radio-iodidesodium,"(放射性药品)"
stevioside,"(甜味剂)"
"Sporanox(含itraconazole)","(抗真菌药)"
"Neocalamine(含红氧化铁、黄氧化铁和氧化锌)","(收敛药)"
"Srilane(含idrocilamide)","(肌肉松弛药)"
"Stocrin(含efavirenz)","(抗病毒药)"
GM-1,"(神经节苷脂类药)"
Theo-X,"(支气管扩张药)"
Slo-Bid,"(支气管扩张药)"
ontianil,"(抗真菌药)"
Synovir,"(抗艾滋病药)"
prulifloxacin,"(喹诺酮类抗菌药)"
prodilidine,"(镇痛药)"
"Prepidil(含dinoprostone)","(前列腺素类药)"
priliximab,"(免疫调节药)"
premarin,"(雌激素类药)"
pumaprazole,"(抗溃疡病药)"
pumafentrine,"(磷酸二酯酶抑制药)"
Rhythmin,"(抗心律失常药)"
tresperimus,"(免疫抑制药)"
trafermin,"(生长因子类药)"
Viroptic,"(眼科用药)"
trovirdine,"(抗病毒药)"
ganstigmine,"(抗胆碱酯酶药)"
tespa,"(烷化剂类抗肿瘤药)"
tipindole,"(单胺氧化酶抑制药)"
tenecteplase,"(组织血浆素原激活剂,抗心肌梗塞药)"
tipranavir,"(抗病毒药)"
tebipenem,"(抗生素类药)"
tifacogin,"(抗凝血药)"
tiropramide,"(解痉药,肌肉松弛药)"
temiverine,"(解痉药)"
tisocromide,"(抑制郁药)"
tenofovir,"(抗病毒药)"
tenatoprazole,"(抗溃疡病药)"
coumatetralyl,"(杀鼠药)"
"Duphalac(含lactulose)","(肝昏迷防治药)"
lefradifiban,"(纤维蛋白原受体阻滞药)"
"leflox(盐酸左氧氟沙星注射液)","(抗菌药)"
lenercept,"(肿瘤坏死因子拮抗药)"
Scabene,"(杀虫药)"
"Zulida(含sulindac)","(抗关节炎药)"
Citracal,"(补钙药)"
Gardinol,"(去垢剂)"
centpropazine,"(抗抑郁药)"
bruneomycin,"(抗肿瘤抗生素)"
echinocandin,"(抗真菌药)"
camphorin,"(消炎镇痛药)"
"Semprex(含acrivastine)","(抗过敏药)"
Reguloid,"(缓泻药)"
tetramine,"(杀鼠药)"
bivatuzumab,"(免疫调节药)"
bilastine,"(抗组胺药)"
bitipazone,"(抗蠕虫药)"
Deficol,"(缓泻药)"
bimatoprost,"(前列腺素类药)"
BZ,"(失能剂)"
ilexonin,"(抗心绞痛药)"
digitalin,"(强心药)"
"Florical(含氟化钠,碳酸钙)","(矿物质类药)"
Fluorineed,"(防龋齿药)"
flupimazine,"(安定药)"
Nasarel,"(肾上腺皮质激素类药)"
flubufen,"(消炎镇痛药)"
flutonidine,"(抗高血压药)"
flutizenol,"(安定药)"
fulvestrant,"(抗肿瘤药)"
fluindione,"(抗凝药)"
flupamesone,"(肾上腺皮质激素类药)"
fluacizine,"(抗抑郁药)"
Vasoderm,"(局部用肾上腺皮质激素类药)"
frakefamide,"(镇痛药)"
Remimyl,"(益智药)"
Nycoff,"(镇咳药)"
Eldopaque,"(皮肤脱色药)"
Nu-knit,"(止血药)"
Mag-Ox,"(抗酸药)"
Niko-Mag,"(抗酸药)"
"Oxandrin(含oxandrolone)","(同化激素类药)"
aminopentamide,"(解痉药)"
Miochol,"(抗青光眼药)"
chloropicrin,"(杀虫药)"
Tranxene-SD,"(安定药)"
ropirazepam,"(镇静药)"
ethynerone,"(孕激素类药)"
clevidipine,"(钙通道阻滞药)"
clodronate,"(抗骨质疏松症药)"
clobenoside,"(血管扩张药)"
clofibrate,"(降血脂药)"
cyanocobalamin,"(诊断用药)"
Chloroptic,"(抗生素类药)"
Rectules,"(镇静催眠药)"
Duofilm,"(角质分离药)"
timcodar,"(抗肿瘤药)"
mercocresols,"(杀菌药)"
vofopitant,"(镇吐药,速激肽受体拮抗药)"
Sapylin,"(链球菌制剂)"
sardomozide,"(抗肿瘤药)"
saredutant,"(速激肽受体阻滞药)"
Amplicor,"(诊断用药)"
salnacedin,"(消炎镇痛药)"
polisaponin,"(降血脂药)"
pomisartan,"(血管紧张素Ⅱ受体阻滞药)"
faralimomab,"(免疫调节药)"
fasoracetam,"(益智药)"
fasidotril,"(抗高血压药)"
fabesetron,"(5-羟色胺拮抗药)"
"Broncho-Vaxom(8种细菌21个菌株的提取物)","(免疫增强药)"
"Talcom(硫酸氯吡格雷片剂)","(抗血小板药)"
"Taxol(紫松醇注射液)","(抗肿瘤药)"
I-Pred,"(肾上腺皮质激素类药)"
"Gemnpid(含gemfibrozil)","(降血脂药)"
Myotalis,"(强心药)"
Neo-Diaral,"(止泻药)"
lobucavir,"(抗病毒药)"
"Sparca(含sparfloxacin)","(抗菌药)"
"Deolip(含lovastatin)","(降血脂药)"
scillaridin,"(强心药)"
"Licrease(含胰酶)","(酶类药)"
linxacin,"(喹诺酮类抗菌药)"
Gonozyme,"(诊断用药)"
bromsalans,"(消毒防腐药)"
bromanautine,"(抗过敏药)"
8-bromotheophylline,"(利尿药)"
breviscapine,"(血管扩张药)"
"Imbaron(含sulindac)","(抗关节炎药)"
Nia-Bid,"(维生素类药)"
"Sunice(0.25%尿囊素、0.25%薄荷脑和10%水杨酸甲酯乳膏)","(烧伤治疗药)"
alfetamine,"(升压药)"
"Oestrogel(含17β-雌二醇)","(雌激素类药)"
Thyrar,"(甲状腺激素类药)"
Seldane,"(抗组胺药)"
diginorm,"(强心药)"
ciclactate,"(解痉药)"
cicloxolone,"(消炎药,抗溃疡病药)"
clinolamide,"(营养药)"
ciclacillin,"(抗生素类药)"
Testred,"(雄激素类药)"
cyclomethasone,"(肾上腺皮质激素类药)"
zucapsaicin,"(镇痛药)"
Eryped,"(抗生素类药)"
revospirone,"(安定药,镇静药)"
regavirumab,"(免疫调节药)"
retigabine,"(抗癫痫药)"
Retavase,"(急性心肌梗塞用药)"
"Tritace(含ramipril)","(抗高血压药)"
"Remeron(米氮平片剂)","(抗抑郁药)"
Osmitrol,"(利尿药)"
Molycu,"(解毒药)"
"Claricin(含clarithromycin)","(抗生素类药)"
Lanitop,"(抗心力衰竭药)"
Factive,"(抗菌药)"
"Oramide(含tolbutamide)","(降血糖药)"
methosorbinil,"(醛糖还原酶抑制药)"
Genapax,"(消毒防腐药)"
methylbenztropine,"(抗胆碱药)"
metynodiol,"(孕激素类药)"
methothrin,"(杀虫药)"
metergotamine,"(子宫收缩药)"
Senexon,"(缓泻药)"
Dosalax,"(缓泻药)"
Cytostatic-M,"(抗肿瘤药)"
Prulet,"(缓泻药)"
Derma-Guard,"(皮肤科用药)"
"Elcitonin(含elcatonin)","(钙代谢调节药)"
"Iberet(硫酸铁、维生素C和维生素B控释片剂)","(营养类药)"
Decofed,"(减充血药)"
DFMO,"(抗原虫药,"
Ritalin-SR,"(精神振奋药)"
Cyclonil,"(解痉药)"
Winpress,"(抗高血压药)"
Carbex,"(单胺氧化酶B抑制药)"
Geneye,"(血管收缩药)"
Doxil,"(抗肿瘤药)"
Tepanil,"(食欲抑制药)"
Itch-X,"(局麻药)"
Ticon,"(镇吐药)"
Adsorbocarpine,"(缩瞳药)"
Reposans,"(抗焦虑药)"
Ultiva,"(镇痛药)"
mibefradil,"(钙通道阻滞药)"
Betapace,"(β受体阻滞药)"
Cirbed,"(解痉药)"
robitrin,"(抗胆碱药)"
fenyramidol,"(镇痛药,肌肉松驰药)"
Baridium,"(尿路镇痛药)"
"Epocelin(含ceftizoxime)","(抗生素类药)"
nithiazide,"(抗寄生虫药)"
Sorbidilat,"(抗心绞痛药)"
debropol,"(消毒防腐药)"
Nitrocap,"(抗心绞痛药)"
Nitrodisc,"(抗心绞痛药)"
Tesuloid,"(放射诊断用药)"
tiocarlide,"(抗结核药)"
sulesomab,"(诊断用药)"
tiazesim,"(抗抑郁药)"
tiafibrate,"(降血脂药)"
Fer-Iron,"(抗贫血药)"
Tidex,"(减肥药)"
Kadian,"(麻醉镇痛药)"
Strema,"(抗疟药)"
Quinora,"(抗心律失常药)"
Brethine,"(支气管扩张药)"
Flo-Coat,"(造影剂)"
Domeboro,"(局部抗炎药)"
Adlerika,"(缓泻药)"
Velban,"(抗肿瘤药)"
Brij-721,"(表面活性剂)"
Epinal,"(抗青光眼药)"
iolopride,"(诊断用药)"
iometopane,"(诊断用药)"
phenyliodoundecenoate,"(抗真菌药)"
iodecol,"(造影剂)"
"Isovue(含iopamidol)","(造影剂)"
R-Gen,"(祛痰药)"
iodobenzoylglycine,"(诊断用药)"
Herplex,"(抗病毒药)"
"Vascoray(含葡甲胺碘他拉酸和碘他拉酸钠)","(造影剂)"
kasal,"(食物添加剂)"
Davosil,"(口腔卫生用药)"
monophosphothiamine,"(维生素类药)"
Cerebyx,"(抗癫痫药)"
phosphoformate,"(抗病毒药)"
Posture,"(补钙药)"
sulfamidomaleyl,"(磺胺类抗菌药)"
Neurotropin,"(生物制品)"
fopirtoline,"(镇痛药)"
fodipir,"(诊断用药)"
"Eryc(含红霉素)","(抗生素类药)"
fomivirsen,"(抗病毒药)"
edifenphos,"(杀菌剂)"
"Rudd-u(含盐酸羟苄利明等)","(解痉药)"
Corotrope,"(强心药)"
midostaurin,"(抗肿瘤药)"
Mikelan,"(含carteolol hydrochloride) (抗青光眼药)"
"Lysodren(含mitotane)","(抗肿瘤药)"
milacainide,"(抗心律失常药)"
minalrestat,"(醛糖还原酶抑制药)"
minaprine,"(抗抑郁药)"
Neo-Cultol,"(缓泻药)"
saccharin,"(甜味剂)"
Sweetaste,"(甜味剂)"
solpecainol,"(抗心律失常药)"
Emgel,"(抗痤疮药)"
naltrindol,"(镇痛药)"
Revex,"(吗啡拮抗药)"
virulizine,"(抗肿瘤药)"
"Weinian(尼尔雌醇制剂)","(雌激素类药)"
vilazodone,"(抗抑郁药)"
verteporfin,"(光增敏药)"
Renova,"(皮肤科用药)"
Diasorb,"(止泻药)"
"Nutrisol-S(含18种氨基酸和山梨醇)","(营养类药)"
rocastine,"(抗组胺药)"
"Roaccutane(含isotretinoin)","(抗痤疮药)"
rocepafant,"(抗凝药)"
lobalzotan,"(5-羟色胺受体拮抗药)"
roxifiban,"(纤维蛋白原受体阻滞药)"
rotigotine,"(多巴胺D2受体激动药)"
melizame,"(甜味剂)"
"Eliporate(含fenofibrate)","(降血脂药)"
meluadrine,"(β受体激动药)"
"Muco-Sof(含acetylcysteine)","(祛痰药)"
metoquizine,"(抗胆碱药)"
melagatran,"(凝血酶抑制药)"
Mestinon,"(重症肌无力治疗药)"
"mesna(巯乙磺酸钠)","(尿路保护药,祛痰药)"
mepolizumab,"(免疫调节药)"
meribendan,"(强心药)"
mesocarb,"(中枢兴奋药)"
mecinarone,"(血管扩张药)"
"Mesnex(含mesna,EDTA)","(解毒药)"
gelsemium,"(神经痛治疗药)"
"Goniosol(含hypromellose)","(眼科用药)"
hymetellose,"(药用辅料)"
indiumoxyquinoline,"(诊断用药)"
hydroxycholecalciferol,"(维生素类药)"
hydroxyhexamide,"(降血糖药)"
droxypropine,"(镇咳药)"
"Mavik(含trandolapril)","(抗高血压药)"
conivaptan,"(抗利尿激素受体拮抗药)"
colestilan,"(降血脂药)"
colesevelam,"(降血脂药)"
"Noritate(甲硝唑霜剂)","(皮肤科用药)"
biphenylylmethylcarbinol,"(降血脂药)"
Equalactin,"(止泻药)"
Brij35,"(表面活性剂)"
polyglyconate,"(可吸收外科缝线原材料)"
"Pancrease(含胰脂肪酶、淀粉酶、蛋白酶)","(酶类药)"
hydracarbazine,"(抗高血压药,利尿药)"
"Hydrochloroserpine(含盐酸肼屈嗪、氢氯噻嗪和利舍平)","(抗高血压药)"
Baroset,"(放射诊断用药)"
muramyl-tripeptide,"(免疫调节药)"
Oralin,"(降血糖药)"
thymalfasin,"(免疫调节药)"
"Thymopeptide(含小牛胸腺肽)","(生物制品)"
flogobron,"(呼吸道抗炎药)"
"Nutrison(含蛋白质、脂肪、碳水化合物和维生素、矿物质)","(营养类药)"
"Neuquinon(含ubidecarenone)","(强心药)"
"Spinax(含baclofen)","(解痉药)"
anhydrogitalin,"(强心药)"
Adentri,"(腺苷(A1)受体拮抗药)"
Adenoscan,"(诊断用药)"
fosarilate,"(抗病毒药)"
fosamprenavir,"(抗病毒药)"
sulamserod,"(5-HT受体拮抗药)"
sudexanox,"(抗过敏药)"
cezomycin,"(抗生素类药)"
senaglinide,"(降血糖药)"
esketamine,"(麻醉药)"
izonsteride,"(抗肿瘤药)"
"FML(含fluorometholone)","(肾上腺皮质激素类药)"
isatoribine,"(免疫调节药)"
esatenolol,"(β受体阻滞药)"
"Etiasa(含mesalazine)","(溃疡性结肠炎治疗药)"
rubratine,"(抗肿瘤药)"
Duragesic,"(麻醉镇痛药)"
fenfluramine,"(食欲抑制药)"
benzofenac,"(镇痛药)"
benzotript,"(抗溃疡病药)"
fenpipalone,"(消炎镇痛药)"
binedaline,"(抗抑郁药)"
benoxaprofen,"(消炎镇痛药)"
benzafentrine,"(磷酸二酯酶抑制剂)"
fenoxypropazine,"(抗抑郁药)"
bentiamine,"(镇痛药)"
phenacridane,"(消毒防腐药)"
implitapide,"(降血脂药)"
intrifiban,"(抗血栓药)"
anistreplase,"(溶纤维蛋白药,溶栓药)"
Dinate,"(抗晕止吐药)"
caraway,"(香料)"
"Fluorets(含荧光素钠)","(诊断用药)"
"Fluorescite(含荧光素钠)","(诊断用药)"
motexafin,"(抗肿瘤药)"
muroctasin,"(免疫调节药)"
mobenakin,"(免疫调节药)"
Ferplex,"(抗贫血药)"
"Bonalfa(含tacalcitol)","(银屑治疗药)"
Nallpen,"(青霉素类抗生素)"
"Resource(含酪蛋白钙、钠、大豆蛋白、糖、维生素和矿物质)","(营养类药)"
Vermizine,"(抗寄生虫药)"
oxyglucocycline,"(抗生素类药)"
Quinaglute,"(抗心律失常药)"
Hibistat,"(消毒防腐药)"
Ferralet,"(抗贫血药)"
Methiokaps,"(氨基酸类药)"
spiramide,"(神经松弛药,安定药)"
Dextrostix,"(诊断用药)"
sitafloxacin,"(喹诺酮类抗菌药)"
cizolirtine,"(镇痛药)"
sipatrigine,"(益智药)"
ciltoprazine,"(肌肉松弛药)"
siramesine,"(抗焦虑药)"
"Ciprobay(环丙沙星制剂)","(抗菌药)"
cipamfylline,"(白细胞调节药)"
sibanomicin,"(蒽环类抗生素)"
Phazyme,"(消气胀药)"
cipemastat,"(蛋白酶抑制药,抗风湿药)"
tragacanth,"(药用辅料)"
"Kliogest(含雌二醇、醋炔诺酮)","(激素类药)"
"Betaloc(含metoprolol)","(降血压药)"
"bFGF-ESSEX(bFGF喷雾剂)","(外科用药)"
bectumomab,"(诊断用药)"
berupipam,"(抗精神病药)"
benextramine,"(α-受体拮抗药)"
beractant,"(肺表面活性剂)"
"Zenapax(含daclizumab)","(免疫抑制药)"
"Cytosar(含cytarabine)","(抗肿瘤药)"
"Vicemycetin(含thiamphenicol)","(抗生素类药)"
"SRM-Rhotard(硫酸吗啡控释片剂)","(镇痛药)"
"sugar,invert,injection","(营养类药)"
cycleanine,"(骨骼肌松弛药)"
axoplast,"(动)"
"Flixonase(丙酸氟替卡松喷鼻剂)","(肾上腺皮质激素类药)"
"Kinevac(含sincalide)","(诊断用药)"
cinchonidine,"(抗疟药)"
octisalate,"(防晒药)"
dalvastatin,"(降血脂药)"
duazomycin,"(抗肿瘤药抗生素)"
Gyno-Daktarin,"(妇科用药)"
dapitant,"(神经激肽受体阻滞药)"
"Dages(含胃蛋白酶、木瓜蛋白酶、淀粉酶、胰酶等)","(酶类药)"
darbufelone,"(消炎镇痛药)"
dactimicin,"(抗生素类药)"
"Tanatril(含imidapril)","(抗高血压药)"
"Delciner(含1,6-二磷酸果糖三钠)","(心肌保护药)"
"Diphereline(含triptorelin)","(抗肿瘤药)"
darsidomine,"(抗心绞痛药)"
"danaparoid(低分子肝素混合物)","(抗血栓药)"
"Rickfer(含rifapentine)","(抗结核药)"
"D-cal(含碳酸钙,维生素D)","(营养类药)"
"Xeloda(含capecitabine)","(抗肿瘤药)"
Semitard,"(降血糖药)"
natalizumab,"(免疫调节药)"
nagrestipen,"(免疫调节药)"
nasaruplase,"(纤维蛋白溶酶原激活药)"
Neocurb,"(食欲抑制药)"
Ergomar,"(抗偏头痛药)"
Phenolax,"(缓泻药)"
Orudis,"(消炎镇痛药)"
Actron,"(镇痛药)"
tanganil,"(抗眩晕药)"
Viadur,"(抗肿瘤药)"
Decaject-L.A.,"(肾上腺皮质激素类药)"
Lidex-E,"(局部用肾上腺皮质激素类药)"
I-Prednicet,"(肾上腺皮质激素类药)"
Geref,"(诊断用药)"
Anaspaz,"(抗胆碱药)"
Phoslo,"(矿物质类药)"
"Seradase(含serratiopeptidase)","(消炎药)"
Kogenate,"(抗血友病药)"
"Jinake(含tetrandrine)","(镇痛药)"
gadofosveset,"(诊断用药)"
Suplical,"(补钙药)"
Elecal,"(矿物质类药)"
PC-1358,"(脱发治疗药)"
streptoniazid,"(抗结核药)"
technetiummethylenediphosphonate,"(放射性诊断用药)"
technetiummertiatide,"(放射性药品)"
Lowsium,"(抗酸药)"
Slow-Mag,"(补镁药)"
Sustaire,"(支气管扩张药)"
vinflunine,"(抗肿瘤药)"
vinorelbine,"(抗肿瘤药)"
"Vaxigrip(纯化、裂解、灭活的流感病毒疫苗)","(生物制品)"
avotermin,"(转化生长因子)"
arimistane,"(芳香酶抑制药,抗肿瘤药)"
Alkanol,"(阴离子表面活性剂)"
anecortave,"(肾上腺皮质激素类药)"
alniditan,"(5-羟色胺受体激动药,抗偏头痛药)"
apadoline,"(镇痛药)"
Afrikol,"(防晒剂)"
atorolimumab,"(免疫调节药)"
atomoxetine,"(抗多动症药)"
asperlicin,"(胆囊收缩素受体拮抗药)"
axitirome,"(降血脂药)"
almurtide,"(免疫调节药)"
"Alphagan(0.2%酒石酸溴莫尼定聚乙烯醇眼液)","(抗青光眼药)"
amiridine,"(胆碱酯酶抑制药)"
amiglumide,"(抗溃疡病药)"
alglucerase,"(脑苷酶类药)"
avitriptan,"(抗偏头痛药)"
"Alfenta(含alfentanil)","(麻醉镇痛药)"
Albenza,"(抗蠕虫药)"
almotriptan,"(抗偏头痛药)"
technetiumapcitide,"(诊断用药)"
abecavir,"(抗病毒药)"
adalimumab,"(免疫调节药)"
afelimomab,"(免疫调节药)"
amastatin,"(氨肽酶抑制药)"
"Acidol(盐酸甜菜碱制剂)","(利胆药)"
"Advil(含ibuprofen)","(解热镇痛药)"
Delestrec,"(雌激素类药)"
FemPatch,"(雌激素类药)"
raltitrexed,"(抗肿瘤药,胸苷酸合成酶抑制药)"
ramatroban,"(抗血栓药)"
fiduxosin,"(α1a受体拮抗药)"
"Fiberform(含小麦纤维素)","(通便药)"
felvizumab,"(抗病毒药)"
fidarestat,"(醛糖还原酶抑制药,抗糖尿病药)"
fenabutene,"(垂体抑制药)"
Propecia,"(脱发治疗药)"
Bellaneed,"(抗胆碱药)"
mapinastine,"(抗组胺药)"
Depromel,"(抗抑郁药)"
maxacalcitol,"(维生素类药)"
Calderol,"(代谢性骨病治疗药)"
Perchloracap,"(诊断用药)"
Scleromate,"(硬化剂)"
Neoretna,"(抗肿瘤药)"
mycinamicin,"(小单孢菌抗生素)"
thevetoside,"(强心药)"
FluMist,"(生物制品)"
zifrosilone,"(胆碱酯酶抑制药)"
"无论如何、不理后果，例如：老同佢死过","(无论如何也与他拚个死活)"
"〔啴","(tuō）～〕见“啴3”。"
"彡",(
"灬",(
Xiaohao,"(c. 2200 BC), leader of the Dongyi 东夷\"
Linkui,"(c. 2000 BC), second of the legendary Flame Emperors 炎帝\"
"孔子弟子。","(西元前503～？ ） 姓颛孙， 名师， 字子张。 春秋陈国人。 资质宽冲， 博接从容， 然不务立于仁义之行， 故孔子弟子友之而弗敬。"
"(俄)","(俚) babushka （妇女头巾）"
Bessemer,"(Sir Henry, 1813-1898, 英国冶金学家）"
"同“痢疾”","(lì ji)"
Giffen,"(inferior) goods （低价代用商品）"
model;,"(意) Gran Turismo (GT)"
Pauling,"(Linus 1901.2.28-，美国化学家和和平运动战士）"
"(高强力粘胶长丝)","(美) Tyron"
jerky,"(马车)"
excess-three,"(代码)"
paupiette,"(法)"
hollander;,"(俗) dutchman"
karren;,"(德) feld"
nala,"(印)"
barong-barong,"(菲)"
pants,"(主英)"
pats,"(印)"
Aeromix,"(瑞士)"
palmification,"(枣椰的)"
halter,"(女用)"
rockman,"(英)"
petrol,"(英)"
braird,"(英)"
skargard,"(瑞)"
malabar,"(东南亚)"
sebkha,"(阿)"
"王邦俊","(1546—1616) ，字虞卿，号壶岭，明代鄜州直辖地下柳池村人。王邦俊官至山东巡抚，明廷都察院右监都御使等职。"
trivium,"(中世纪学校的)"
top-rounding,"(路)"
Hypichnia,"(遗迹化石的)"
Diphyllobothrium,"(学名 Dibothriocephalus)"
rescreener,"(再筛分用筛)"
Crystolon,"(商品名)"
Neva,"(聚酰胺纤维)"
aftermath,"(饲料作物收割以后)"
pseudo-lanthanide,"(钇)"
ten-pounder,"(70-毫米)"
half-principal,"(伸不到屋脊的)"
Boulwarism,"(劳资谈判)"
carboseal,"(收集灰尘用润滑剂)"
niceverine,"(冠脉扩张药,解痉药)"
ogee,"(即溢流面曲线)"
rollability,"(金属轧制变形的能力)"
mobecarb,"(止血药)"
tetra-pack,"(食品)"
factor,"(苏格兰)"
topotype,"(地方型)"
phono-selectoscope,"(滤去低频声波)"
Toggenburg,"(一种山羊)"
polymineralic,"(火成岩)"
full-fleshed,"(家畜禽)"
Myvawax,"(粘结金属和玻璃)"
indent,"(国外订货单)"
Nicalon,"(一种SIC纤维)"
nimonic,"(合金)"
insulosity,"(即岛屿面积与总水面之比)"
Berkshire,"(一种猪名)"
bahamite,"(细粒浅海灰岩)"
boudle,"(英国钢铁厂用重量单位，等于56磅)"
foot,"(器皿)"
micro-turbulence,"(流态的一种)"
tug,"(运材)"
bronopol,"(杀菌剂)"
loader-harvester,"(装运蔬菜等)"
rollover,"(美国)"
engagements,"(指在任何一个时期中进入就业的总人数)"
salient,"(广告)"
Tyrex,"(高强力粘胶轮胎帘子线)"
rococo,"(建筑)"
monimolimnion,"(湖的)"
scourclean,"(脱粒机的)"
sweat,"(铸造用语)"
wet-wound,"(涂有湿树脂的线圈)"
Newt,"(英国运动粘度单位)"
Troland,"(网膜照度单位)"
Trofil,"(聚乙烯纤维，商名)"
Prefox,"(除草剂)"
fenthion,"(杀虫剂)"
quadrantal,"(spherical) triangle (球面)"
counterpart,"(外汇定单)"
quartz-printer,"(钟)"
nitrofurazone,"(食用添加剂)"
granodraw,"(钢丝干式拉拔前的)"
Conen,"(杀菌剂)"
rearing,"(盘类制品竖着装窑)"
neoepinene,"(药)"
NewBide,"(硬质合金)"
profiling,"(剖面勘探)"
thimble-bat,"(窑具)"
zeugogeosyncline,"(配合地槽)"
flyway,"(自舞台向观众席伸出)"
benomyl,"(杀菌剂)"
saros,"(日食和月食的)"
Saanen,"(一种山羊)"
buy-in,"(证券交易中的一种程序)"
heliweld,"(氦气保护焊接)"
pin-holing,"(釉面)"
splay-footed,"(马)"
Darelle,"(英)"
hedger,"(外汇市场)"
needle-leaved,"(应用于裸子植物)"
mismatch,"(模锻件上下部间的)"
vermeil,"(青铜或铜)"
root-proof,"(地下管道的)"
epeirocraton,"(稳定地块)"
saddles,"(窑具)"
Relizian,"(stage) (北美)"
Homerian,"(stage) (阿拉斯加的植物阶)"
Marquardt,"(奶粉溶解度)"
Mipolam,"(塑料专用名)"
alligator,"(木结构用)"
"吃干抹净","(chī gān mǒ jìng) ：即吃完之后还要抹干净，形容做事不留余地，多用于表示占了便宜, 然后还不负应负的责任"
"是指装船未完毕或根本没有装船，因为规定的装船日期或议付已到，承运人所签发的已装船提单。","(advanced bill of lading)"
"指那些已经向党组织正式提出入党申请，经党小组","(共青团员经团组织) 推荐、支部委员会或支部大会研究确定作为发展对象进行有计划培养的人员。"
"叶燮","(xiè）（1627年～1703年），清初诗论家"
Bianji,"(c. 620-648), Tang dynasty buddhist monk and disciple of 玄奘\"
"贾仲明","(1343～1422后) ，元末明初杂剧作家。明·朱权《太和正音谱》作“贾仲名”。自号云水散人。淄川（今山东淄博）人。"
"遥墙街道办事处","(高新区，济南市 济南高新区，中国)"
"跟踪心理","(mind in following criminal tracks)"
Tasmania,"(abbr. for 塔斯曼尼亚州)"
"乌兹别克斯坦伊斯兰运动",(
"没人在乎，不感兴趣","(nobody cares)"
(dialect),"(variant of 劐弄\"
ssis,"(韓) 人名用字。"
ssisda,"(韓) 用水或其他东西清洁某物的外部，或将其放入水中清洗。"
amniocentesis,"(abbr. for 羊膜穿刺\"
superhero,"(abbr. for 超级英雄\"
